phone_brand,phone_model,price_usd,storage,ram,y_hat
apple,Apple iPhone 16 Pro,1357.55,256,8,556.2300551300413
apple,Apple iPhone 16 Pro,1492.55,512,8,597.1432465003604
apple,Apple iPhone 16 Pro,1705.32,1000,8,661.6254667067515
apple,Apple iPhone 16 Pro Max,1564.92,512,8,619.0757476816196
apple,Apple iPhone 12 mini,247.32,128,4,157.45987851589462
apple,Apple iPhone 12 mini,319.68,256,4,179.38934909038565
apple,Apple iPhone 13 mini,427.14,256,4,211.9562494211596
apple,Apple iPhone 13 mini,467.64,512,4,224.23020683225533
apple,Apple iPhone XR,213.85,128,3,131.74065731497097
apple,Apple iPhone XR,214.92,256,3,132.06493223916536
apple,Apple iPhone XS Max,268.57,256,4,163.89991789825964
apple,Apple iPhone XS Max,304.87,512,4,174.90102046672322
apple,Apple iPhone 12 Pro Max,524.79,256,6,272.70168520806243
apple,Apple iPhone 12 Pro Max,626.4,512,6,303.4956805794559
apple,Apple iPhone X,230.96,256,3,136.9260254953129
apple,Apple iPhone XS,200.88,256,4,143.38574068450484
apple,Apple iPhone XS,291.6,512,4,170.87940528535927
apple,Apple iPhone 11,264.6,128,4,162.69676701129546
apple,Apple iPhone 11,305.63,256,4,175.13134658110428
apple,Apple iPhone 11 Pro,303.48,256,4,174.47976612594735
apple,Apple iPhone 11 Pro,377.32,512,4,196.8577665021278
apple,Apple iPhone 11 Pro Max,390.63,256,4,200.89150411056445
apple,Apple iPhone 11 Pro Max,422.27,512,4,210.48034392505997
apple,Apple iPhone SE (2020),157.68,128,3,114.71773909815006
apple,Apple iPhone SE (2020),190.08,256,3,124.53690502702665
apple,Apple iPhone 12,325.08,128,4,181.0258767451984
apple,Apple iPhone 12,375.84,256,4,196.40923670043836
apple,Apple iPhone 12 Pro,457.92,256,6,252.43601774929772
apple,Apple iPhone 12 Pro,481.68,512,6,259.6367394304739
apple,Apple iPhone 14,640.0,256,6,307.6173057841695
apple,Apple iPhone 14,741.67,512,6,338.429484796172
apple,Apple iPhone 14 Plus,681.04,256,6,320.0549159607465
apple,Apple iPhone 14 Plus,802.97,512,6,357.0071042850651
apple,Apple iPhone 14 Pro,767.04,256,6,346.11813416702387
apple,Apple iPhone 14 Pro,861.69,512,6,374.80282722776985
apple,Apple iPhone 14 Pro,1018.74,1000,6,422.39850652190773
apple,Apple iPhone 14 Pro Max,840.34,256,6,368.33248177772305
apple,Apple iPhone 14 Pro Max,876.94,512,6,379.4245025492319
apple,Apple iPhone 14 Pro Max,995.06,1000,6,415.22202969487694
apple,Apple iPhone SE (2022),243.0,128,4,156.1506563920444
apple,Apple iPhone SE (2022),185.76,256,4,138.8034632510291
apple,Apple iPhone 15,743.57,256,6,339.0053000821247
apple,Apple iPhone 15,828.35,512,6,364.6987842626851
apple,Apple iPhone 15 Pro Max,1079.75,512,8,472.03979911022907
apple,Apple iPhone 15 Pro Max,1261.82,1000,8,527.2180565383327
apple,Apple iPhone 15 Plus,814.03,256,6,360.3589553706631
apple,Apple iPhone 15 Plus,995.76,512,6,415.43417216864896
apple,Apple iPhone 15 Pro,967.24,256,8,437.9424423615284
apple,Apple iPhone 15 Pro,1059.91,512,8,466.02707528217627
apple,Apple iPhone 15 Pro,1204.62,1000,8,509.88298582439006
apple,Apple iPhone 16,1024.92,256,8,455.4229822003432
apple,Apple iPhone 16,1165.32,512,8,497.972701225475
apple,Apple iPhone 16 Plus,1186.92,256,8,504.5188118447261
apple,Apple iPhone 16 Plus,1327.32,512,8,547.068530869858
apple,Apple iPhone 13 Pro Max,707.4,256,6,328.0435954016474
apple,Apple iPhone 13 Pro Max,732.84,512,6,335.75345901987635
apple,Apple iPhone 13 Pro Max,814.11,1000,6,360.38320022480843
apple,Apple iPhone 13,466.45,256,4,223.8695646268429
apple,Apple iPhone 13,538.92,512,4,245.83237187578382
apple,Apple iPhone 13 Pro,609.99,256,6,298.522454872886
apple,Apple iPhone 13 Pro,640.44,512,6,307.75065248196915
apple,Apple iPhone 13 Pro,749.1,1000,6,340.68122562492374
asus,Asus Zenfone 8,499.71,128,8,296.2524841291929
asus,Asus Zenfone 8,405.14,256,8,267.59203592259234
asus,Asus Zenfone 8,445.0,256,12,341.97515589193574
asus,Asus Zenfone 9,606.11,256,8,328.4981401425407
asus,Asus Zenfone 9,723.6,256,16,488.7109818446123
asus,Asus ROG Phone 7,603.61,512,16,452.34673123331913
asus,Asus Zenfone 10,632.87,256,8,336.6080438541684
asus,Asus Zenfone 10,686.87,256,16,477.5795631851174
asus,Asus Zenfone 10,762.47,512,16,500.49095035249604
asus,Asus ROG Phone 8 Pro,1295.99,1000,24,786.7861254308184
asus,Asus Zenfone 11 Ultra,808.92,512,16,514.568118790654
blackview,Blackview A96,246.33,256,12,281.76609122866694
google,Google Pixel 8,543.97,256,8,309.6659496851213
google,Google Pixel 4 XL,198.5,128,6,173.8160169693853
google,Google Pixel 4,162.42,128,6,162.88158774982148
google,Google Pixel 6,209.87,256,8,208.41337756050194
google,Google Pixel 9 Pro Fold,2042.27,512,16,888.348004543121
google,Google Pixel 9,803.27,256,12,450.55270457522624
google,Google Pixel 9 Pro,1098.93,256,16,602.458745674404
google,Google Pixel 9 Pro,1272.39,512,16,655.0276506751118
google,Google Pixel 9 Pro,1435.32,1000,16,704.4053267489345
google,Google Pixel 9 Pro XL,1037.84,256,16,583.9447689276425
google,Google Pixel 9 Pro XL,1162.06,512,16,621.5909662018723
google,Google Pixel 9 Pro XL,1499.98,1000,16,724.0012301119333
google,Google Pixel 8 Pro,648.24,256,12,403.5692078482591
google,Google Pixel 8 Pro,756.43,512,12,436.3573424731096
google,Google Pixel 8 Pro,852.29,1000,12,465.40873895280436
google,Google Pixel 8a,456.56,256,8,283.17541592453165
google,Google Pixel Fold,1273.56,512,12,593.0791102755771
google,Google Pixel 6 Pro,298.37,256,12,297.53736885023284
google,Google Pixel 6 Pro,369.88,512,12,319.2092378494293
google,Google Pixel 7 Pro,398.6,256,12,327.91314048761865
google,Google Pixel 7 Pro,456.78,512,12,345.5452106648421
google,Google Pixel 7,322.92,256,8,242.67438707468395
honor,Honor 70,227.86,256,8,213.86543913644297
honor,Honor 70,230.39,256,12,276.9353040402011
honor,Honor X6,192.23,128,4,140.76426583003624
honor,Honor Magic5 Lite,248.39,256,8,220.08727483149963
honor,Honor X7,156.14,128,6,160.9783666994096
honor,Honor Magic5 Pro,647.99,256,12,403.49344267905485
honor,Honor X8a,172.8,128,8,197.17891827088914
honor,Honor 90,315.89,512,12,302.84699190806987
honor,Honor X7a,151.09,128,6,159.44791028148285
honor,Honor X8b,261.28,256,8,223.99372695567305
honor,Honor X7b,210.03,256,6,177.31030657308736
honor,Honor Magic6 Pro,860.12,512,12,467.78170405228286
honor,Honor 200,572.29,256,12,380.55174944399437
honor,Honor 200,517.32,512,12,363.8925040393541
honor,Honor 200 Pro,669.59,512,12,410.0395532983059
honor,Honor Magic V3,2115.72,512,12,848.304689863932
honor,Honor Magic V2,1258.52,512,16,650.8241990876575
honor,Honor 50,185.9,128,8,201.14901313719417
huawei,Huawei nova 11 Pro,805.67,512,8,388.9769288081768
huawei,Huawei P30,239.84,128,6,186.34454534900743
huawei,Huawei P60 Pro,1143.72,512,12,553.7297119976347
huawei,Huawei nova 9,186.27,256,8,201.26114558761654
huawei,Huawei nova 8i,123.67,128,8,182.28954721886114
huawei,Huawei nova 9 SE,161.22,256,8,193.6694756333462
huawei,Huawei Mate 50 Pro,662.84,512,8,345.69077233837925
huawei,Huawei nova Y90,205.19,128,6,175.8434928972922
huawei,Huawei P50 Pro,434.15,256,8,276.3838261570587
huawei,Huawei nova Y70 Plus,215.99,128,4,147.9649875112124
huawei,Huawei Mate X3,2353.82,512,12,920.4634370141023
huawei,Huawei nova 12i,215.95,256,8,210.25598647555037
huawei,Huawei nova 11,394.19,256,8,264.2735215114443
huawei,Huawei Pura 70 Ultra,1381.58,1000,16,688.1188459767794
huawei,Huawei Pura 70 Pro,991.49,512,12,507.59478516575564
motorola,Motorola Moto G23,151.19,128,8,190.6297770448699
motorola,Motorola Moto E22,99.4,64,4,112.63114320109759
motorola,Motorola Moto G53,215.46,128,4,147.8043653524993
motorola,Motorola Edge 20,159.29,256,8,193.08456852708906
motorola,Motorola Edge 30,214.68,128,8,209.87109941599257
motorola,Motorola Edge 30 Pro,534.63,256,8,306.8353629636488
motorola,Motorola Moto G52,136.29,128,6,154.9626122645886
motorola,Motorola Moto G71 5G,135.9,128,6,154.84441860062992
motorola,Motorola Moto G51 5G,106.73,64,6,146.00413865787283
motorola,Motorola Moto G31,125.33,128,4,120.48950655096701
motorola,Motorola Moto G82,175.74,128,8,198.06991666073165
motorola,Motorola Moto E13,92.87,64,4,110.6521569814814
motorola,Motorola ThinkPhone,571.04,256,8,317.8698022065622
motorola,Motorola Moto G72,184.74,128,8,200.79746275208626
motorola,Motorola Moto G72,199.79,256,8,205.35852593818478
motorola,Motorola Edge 30 Ultra,790.56,256,8,384.3976819814693
motorola,Motorola Edge 30 Fusion,233.02,256,8,215.42923222881961
motorola,Motorola Edge 30 Fusion,1167.12,256,12,560.8213318351566
motorola,Motorola Moto G13,123.11,128,4,119.81671184843287
motorola,Motorola Moto G42,128.51,128,4,121.45323950324564
motorola,Motorola Edge 30 Neo,182.62,128,8,200.15497411723382
motorola,Motorola Edge 30 Neo,302.39,256,8,236.4525513796273
motorola,Motorola Moto G22,139.08,128,4,124.65659085720321
motorola,Motorola Moto G32,173.22,128,4,135.00308236374167
motorola,Motorola Moto G73,185.75,256,8,201.10355403567158
motorola,Motorola Moto G34,129.59,128,4,121.78054503420819
motorola,Motorola Moto G34,125.81,128,8,182.9380970672499
motorola,Motorola Edge 40 Neo,309.95,256,12,301.0468114877758
motorola,Motorola Moto G14,91.04,256,8,172.40067733431664
motorola,Motorola Moto G54,151.41,256,8,190.69645039376968
motorola,Motorola Razr 40 Ultra,629.74,256,12,397.96258532714126
motorola,Motorola Razr 40,477.49,256,8,289.51847589031524
motorola,Motorola Edge 40,362.89,256,8,254.78772232706658
motorola,Motorola Edge 40 Pro,626.86,512,12,397.08977057790787
motorola,Motorola Moto G35,193.32,128,8,203.39772335917763
motorola,Motorola Moto G55,268.92,256,8,226.30911052655634
motorola,Motorola Edge 50 Neo,497.73,512,12,357.95554538050555
motorola,Motorola Razr 50 Ultra,1078.92,256,12,534.0913801398815
motorola,Motorola Razr 50,916.92,512,12,484.9955504954986
motorola,Motorola Moto G85,273.35,256,12,289.9547907162671
motorola,Motorola Edge 50 Ultra,892.12,512,16,539.7827671018433
motorola,Motorola Edge 50 Fusion,376.92,256,8,259.03966362281164
motorola,Motorola Edge 50 Pro,631.79,256,12,398.58385971461655
motorola,Motorola Edge 50 Pro,544.83,512,12,372.22970325859467
motorola,Motorola Moto G24,117.15,128,8,180.31359160601315
motorola,Motorola Moto G24 Power,137.42,128,8,186.45663152509735
motorola,Motorola Moto G04s,99.42,128,4,112.63720441463391
nokia,Nokia X20,269.22,128,8,226.40002872960147
nokia,Nokia G42,204.11,128,6,175.51618736632966
nokia,Nokia G42,161.99,256,8,193.90283235449544
nokia,Nokia C22,117.19,64,3,102.44681229382252
nokia,Nokia C32,97.53,64,4,112.06441973544945
nokia,Nokia C32,118.79,128,4,118.50748972458267
nokia,Nokia X30,296.06,256,8,234.53417729537455
nokia,Nokia C31,142.93,32,4,125.82337446294935
nokia,Nokia G60,269.92,128,4,164.30904981196284
nokia,Nokia G60,323.84,128,6,211.80164220165042
nokia,Nokia G22,131.76,128,4,122.43818670290148
nokia,Nokia XR20,275.19,128,6,197.0577402744947
nokia,Nokia G10,111.22,32,4,116.21332040107663
nokia,Nokia G11,103.66,64,4,113.92218168433875
nokia,Nokia C21 Plus,97.97,32,3,96.62198608539634
nokia,Nokia C21 Plus,183.49,64,3,122.53973516680145
nokia,Nokia G21,96.26,64,4,111.67953267589164
nokia,Nokia G21,112.15,128,4,116.49516683051661
nothing,Nothing CMF Phone 1,258.12,128,8,223.0360552169308
nothing,Nothing CMF Phone 1,350.74,256,8,251.10553510373788
nothing,Nothing Phone (2a) Plus,463.32,256,12,347.5272274912264
nothing,Nothing Phone (2a),330.47,256,12,307.2656165760643
nothing,Nothing Phone (1),301.17,256,8,236.08281735391031
nothing,Nothing Phone (1),381.63,256,12,322.7702008020311
nothing,Nothing Phone (2),562.57,256,12,377.6059996653314
nothing,Nothing Phone (2),648.85,512,12,403.7540748611176
oneplus,OnePlus Nord 4,482.76,512,16,415.7218484399631
oneplus,OnePlus Nord 2T,280.79,256,12,292.20956215178694
oneplus,OnePlus 10 Pro,439.5,256,8,278.0052007780306
oneplus,OnePlus 10 Pro,622.08,256,12,395.6411405427217
oneplus,OnePlus Nord CE 2 5G,168.36,128,8,195.83332886582087
oneplus,OnePlus Nord CE 2 Lite 5G,259.19,128,8,223.36033014112516
oneplus,OnePlus 7T,154.44,256,8,191.61472424452575
oneplus,OnePlus Nord 2 5G,279.72,128,8,229.58216583618187
oneplus,OnePlus Nord 2 5G,410.39,256,12,331.48622586729323
oneplus,OnePlus Nord CE 5G,248.39,128,8,220.08727483149963
oneplus,OnePlus Nord CE 5G,305.62,256,12,299.7345587571574
oneplus,OnePlus 8T,189.55,256,12,264.5583059989875
oneplus,OnePlus 12R,603.5,256,16,452.31339455886916
oneplus,OnePlus 12,909.51,512,16,545.0529922716939
oneplus,OnePlus Nord,172.79,128,8,197.17588766412095
oneplus,OnePlus Nord,212.99,256,12,271.66204826358216
oneplus,OnePlus Nord 3,357.87,256,16,377.87260051226565
oneplus,OnePlus 10T,272.45,256,12,289.6820361071316
oneplus,OnePlus 10T,680.39,256,16,475.6157299993421
oneplus,OnePlus 11,432.67,256,12,338.23841774678
oneplus,OnePlus 11,628.51,256,16,459.8929420860668
oneplus,OnePlus 8 Pro,210.01,256,12,270.75892744666703
oneplus,OnePlus Nord CE 3 Lite,221.77,256,8,212.01979961462635
oneplus,OnePlus 9,136.98,256,12,248.62640621870847
oneplus,OnePlus 9 Pro,296.45,256,8,234.65237095933324
oneplus,OnePlus 9 Pro,203.14,256,12,268.676900596933
oppo,Oppo Reno6 5G,264.59,256,12,287.29997918734864
oppo,Oppo A16,90.9,64,4,110.05512744815157
oppo,Oppo A16,156.59,256,4,129.963183308272
oppo,Oppo A54s,183.59,128,8,200.44894297374648
oppo,Oppo A54 5G,135.48,128,4,123.56557242066137
oppo,Oppo Reno12 Pro,633.99,512,12,399.25059320361436
oppo,Oppo A57 4G,168.92,64,4,133.6999214534278
oppo,Oppo A77,144.71,128,6,157.51438316338925
oppo,Oppo Reno8,361.56,256,8,254.38465162689974
oppo,Oppo Find X5,255.72,256,8,222.30870959256956
oppo,Oppo A96,232.19,128,8,215.17769186706136
oppo,Oppo Find X5 Pro,409.19,256,12,331.1225530551126
oppo,Oppo Reno7,259.19,256,8,223.36033014112516
oppo,Oppo Reno8 T,529.99,256,8,305.4291614232171
oppo,Oppo Find N2 Flip,755.99,512,16,498.5271171667207
oppo,Oppo Find X3 Pro,253.04,256,12,283.7996283701102
oppo,Oppo A53,183.59,128,4,138.14582158233583
oppo,Oppo Reno10,329.9,256,8,244.78975059886787
oppo,Oppo Find X3 Neo,326.2,256,12,305.971547486055
oppo,Oppo Reno5 5G,215.95,256,12,272.559107866961
realme,Realme C11,102.59,32,3,98.02212641229171
realme,Realme 11,247.32,256,8,219.76299990730527
realme,Realme 9 Pro,313.64,128,8,239.86198399382053
realme,Realme 12+,286.2,256,8,231.54599902195716
realme,Realme C65,156.6,128,8,192.26933530645084
realme,Realme 12 Pro+,441.72,256,8,278.67799548056473
realme,Realme 12 Pro,308.87,256,8,238.4163845654026
realme,Realme C61,161.98,256,6,162.74824105202194
realme,Realme Note 50,107.99,128,4,115.23443441495714
realme,8,410.39,512,12,331.48622586729323
realme,Realme Narzo 50A Prime,77.38,128,4,105.95774709758331
realme,Realme GT Neo 3,518.39,128,8,301.9136575721378
realme,Realme GT Neo 3,637.19,256,8,337.9172659780186
realme,Realme 9 Pro+,224.06,128,8,212.7138085645377
realme,Realme 9i,161.99,128,4,131.59971096308476
realme,Realme 9i,259.19,128,6,192.20876944541985
realme,Realme C35,160.92,64,6,162.42699673459572
realme,Realme GT2 Pro,463.13,256,12,347.46964596263115
realme,Realme 8,121.24,128,4,119.24998838278475
realme,Realme GT 5G,399.59,256,12,328.2131705576677
realme,Realme C51,124.19,128,4,120.14401737939542
realme,Realme 10,257.03,128,4,160.4025976877894
realme,Realme 10,259.19,128,6,192.20876944541985
realme,Realme C55,118.01,256,8,180.57422378807593
realme,Realme 11 Pro,241.41,256,8,217.97191130731576
realme,Realme 11 Pro,361.68,256,12,316.7241402995285
realme,Realme 11 Pro+,471.41,256,12,349.9789883666774
realme,Realme C53,143.52,256,8,188.30530165368216
samsung,Samsung Galaxy A51,202.05,128,4,143.74032167638094
samsung,Samsung Galaxy A51,165.56,128,6,163.83319827502743
samsung,Samsung Galaxy S20 FE 5G,323.99,128,8,242.99866199887836
samsung,Samsung Galaxy A42 5G,313.19,128,6,208.5740459935475
samsung,Samsung Galaxy S22 5G,289.98,256,8,232.69156838032612
samsung,Samsung Galaxy S21 FE 5G,367.77,128,8,256.2666584299344
samsung,Samsung Galaxy S21 FE 5G,474.12,256,8,288.49716140944133
samsung,Samsung Galaxy A03,140.39,32,4,125.05360034383372
samsung,Samsung Galaxy A03,136.46,64,4,123.86257188394221
samsung,Samsung Galaxy S9+,127.27,64,6,152.22900495969768
samsung,Samsung Galaxy S9+,301.32,128,6,204.97671575972757
samsung,Samsung Galaxy S9+,333.76,256,6,214.80800411567682
samsung,Samsung Galaxy Note10+,423.07,512,12,335.329035249335
samsung,Samsung Galaxy A71,139.73,128,8,187.15670168854504
samsung,Samsung Galaxy S20 5G,376.92,128,12,321.3427850142223
samsung,Samsung Galaxy S10e,291.59,128,8,233.17949607000176
samsung,Samsung Galaxy S10e,345.59,256,8,249.54477261812937
samsung,Samsung Galaxy S9,143.64,128,4,126.03854754348954
samsung,Samsung Galaxy S9,239.74,256,4,155.1626785856204
samsung,Samsung Galaxy S10,193.31,512,8,203.39469275240947
samsung,Samsung Galaxy S10+,172.18,128,8,196.9910206512625
samsung,Samsung Galaxy S10+,265.25,512,8,225.1968778426373
samsung,Samsung Galaxy A03s,125.24,32,3,104.8864507422008
samsung,Samsung Galaxy A03s,149.04,32,4,127.67507519830231
samsung,Samsung Galaxy A03s,189.91,64,4,140.06116505982038
samsung,Samsung Galaxy S22+ 5G,475.2,256,8,288.8244669404039
samsung,Samsung Galaxy S22 Ultra 5G,455.61,256,12,345.190629672966
samsung,Samsung Galaxy S22 Ultra 5G,544.31,512,12,372.0721117066497
samsung,Samsung Galaxy S22 Ultra 5G,592.92,1000,12,386.8038912067327
samsung,Samsung Galaxy A13,117.71,32,4,118.18018419362011
samsung,Samsung Galaxy A13,118.69,64,4,118.47718365690095
samsung,Samsung Galaxy A13,206.43,128,4,145.0677274408402
samsung,Samsung Galaxy A53 5G,319.0,128,6,210.33482852585527
samsung,Samsung Galaxy A53 5G,445.62,128,8,279.8599321201517
samsung,Samsung Galaxy A33 5G,254.06,128,6,190.65406817334772
samsung,Samsung Galaxy A13 5G,199.8,128,4,143.0584351535423
samsung,Samsung Galaxy M13,139.96,128,4,124.92328425280233
samsung,Samsung Galaxy A13 (SM-A137),201.42,32,4,143.5493934499861
samsung,Samsung Galaxy A13 (SM-A137),183.88,64,4,138.2337091786128
samsung,Samsung Galaxy A23 5G,206.27,64,6,176.17079842825476
samsung,Samsung Galaxy A23 5G,245.17,128,4,156.80829806073766
samsung,Samsung Galaxy Z Flip4,422.28,256,8,272.7864959232388
samsung,Samsung Galaxy Z Flip4,459.0,512,8,283.9148839759656
samsung,Samsung Galaxy Z Fold4,934.2,512,12,490.2324389908995
samsung,Samsung Galaxy Z Fold4,853.16,1000,12,465.6724017416353
samsung,Samsung Galaxy M53,421.19,128,8,272.4561597855081
samsung,Samsung Galaxy M53,271.17,256,8,226.99099704939496
samsung,Samsung Galaxy Z Fold3 5G,550.8,512,12,374.03897549919327
samsung,Samsung Galaxy A52s 5G,210.95,128,6,177.58912239575915
samsung,Samsung Galaxy A04s,131.44,32,4,122.34120728631997
samsung,Samsung Galaxy A15,146.97,128,6,158.19930029299607
samsung,Samsung Galaxy A15,214.41,128,8,209.78927303325193
samsung,Samsung Galaxy A15,199.32,256,8,205.2160874200807
samsung,Samsung Galaxy S24 Ultra,1100.52,512,12,540.6374907591326
samsung,Samsung Galaxy S24 Ultra,1239.84,1000,12,582.8599042533018
samsung,Samsung Galaxy S24+,863.63,512,12,468.8454470279112
samsung,Samsung Galaxy A35,265.59,128,8,225.2999184727551
samsung,Samsung Galaxy A35,312.08,256,8,239.38920933798573
samsung,Samsung Galaxy A55,344.52,256,8,249.22049769393502
samsung,Samsung Galaxy A55,379.03,256,12,321.98224304230644
samsung,Samsung Galaxy M55,353.14,256,8,251.83288072809907
samsung,Samsung Galaxy S24,668.52,256,8,347.4121569827008
samsung,Samsung Galaxy S24,755.89,512,8,373.8905683162177
samsung,Samsung Galaxy M35,249.48,256,8,220.41761096923037
samsung,Samsung Galaxy Z Flip6,729.01,512,12,428.04741871478257
samsung,Samsung Galaxy M15,160.37,128,6,162.26031336234627
samsung,Samsung Galaxy Z Fold6,1274.29,512,12,593.3003445696536
samsung,Samsung Galaxy Z Fold6,1476.36,1000,12,654.5398155341009
samsung,Samsung Galaxy S24 FE,808.92,256,8,389.96187600783264
samsung,Samsung Galaxy S24 FE,873.72,512,8,409.60020786558584
samsung,Samsung Galaxy A25,203.81,256,8,206.57682985898984
samsung,Samsung Galaxy A15 5G,183.46,128,6,169.25798439005493
samsung,Samsung Galaxy A14,97.2,128,4,111.96440971209978
samsung,Samsung Galaxy A14,152.92,128,6,160.0025113200583
samsung,Samsung Galaxy S23,535.68,256,8,307.1535766743068
samsung,Samsung Galaxy S23,700.34,512,8,357.0555477190235
samsung,Samsung Galaxy A14 5G,150.12,128,4,128.00238072926487
samsung,Samsung Galaxy A14 5G,201.83,128,6,174.8252090231865
samsung,Samsung Galaxy S23+,863.99,512,8,406.65142748015467
samsung,Samsung Galaxy A34,236.47,256,8,216.47479156383886
samsung,Samsung Galaxy S23 Ultra,808.92,512,12,452.26499739924327
samsung,Samsung Galaxy S23 Ultra,949.55,1000,12,494.88442038004314
samsung,Samsung Galaxy A54,307.8,128,8,238.09210964120822
samsung,Samsung Galaxy A54,361.8,256,8,254.45738618933586
samsung,Samsung Galaxy Z Fold5,1238.76,512,12,582.5325987223393
samsung,Samsung Galaxy Z Fold5,971.94,1000,12,501.66994893397975
samsung,Samsung Galaxy Z Flip5,521.56,512,8,302.87435991764823
samsung,Samsung Galaxy A05s,119.06,128,4,118.5893161073233
samsung,Samsung Galaxy A05s,140.42,128,6,156.21425285984355
samsung,Samsung Galaxy Tab S9 FE+,793.36,256,12,447.549373267968
samsung,Samsung Galaxy S23 FE,442.79,256,8,279.0022704047591
samsung,Samsung Galaxy A04e,113.76,32,4,116.98309452019225
samsung,Samsung Galaxy A32 5G,108.0,128,4,115.23746502172531
samsung,Samsung Galaxy A32 5G,139.63,128,6,155.974834925158
samsung,Samsung Galaxy A02,151.09,32,3,112.72056923792486
samsung,Samsung Galaxy A02,259.09,32,4,161.02690268203278
samsung,Samsung Galaxy S21 5G,316.44,256,8,240.71055388890863
samsung,Samsung Galaxy S21+ 5G,352.08,256,8,251.51163641067288
samsung,Samsung Galaxy S21 Ultra 5G,508.56,256,12,361.23769251043564
samsung,Samsung Galaxy S21 Ultra 5G,548.85,512,12,373.4480071793997
samsung,Samsung Galaxy S21 Ultra 5G,755.99,512,16,498.5271171667207
samsung,Samsung Galaxy A12,196.88,32,3,126.59771762938345
samsung,Samsung Galaxy A12,145.8,64,4,126.69315860541465
samsung,Samsung Galaxy A12,124.37,128,3,104.62278795336985
samsung,Samsung Galaxy A02s,140.39,32,2,93.90203964812838
samsung,Samsung Galaxy S20 Ultra 5G,383.39,256,12,323.3035875932294
samsung,Samsung Galaxy S20 Ultra 5G,538.92,512,16,432.7417360500158
samsung,Samsung Galaxy A31,193.32,128,4,141.09460196776698
samsung,Samsung Galaxy A51 5G,193.32,128,8,203.39772335917763
samsung,Samsung Galaxy M11,119.87,64,4,118.83479525554522
samsung,Samsung Galaxy Note20 5G,463.9,256,8,285.39988129236974
samsung,Samsung Galaxy Note20 Ultra 5G,729.0,256,8,365.7412667166037
samsung,Samsung Galaxy Note20 Ultra 5G,505.16,256,12,360.2072862092572
samsung,Samsung Galaxy Z Flip3 5G,347.76,256,8,250.2024142868227
samsung,Samsung Galaxy S20+ 5G,429.83,128,12,337.37772542461914
samsung,Samsung Galaxy S20+ 5G,604.79,256,12,390.4012214405527
samsung,Samsung Galaxy A22,132.6,128,4,122.6927576714279
samsung,Samsung Galaxy A22,168.31,128,6,164.6666151362747
samsung,Samsung Galaxy A52,320.76,128,6,210.8682153170535
samsung,Samsung Galaxy A52,171.23,128,8,196.70311300828615
samsung,Samsung Galaxy A52,540.0,256,6,277.31123810245174
samsung,Samsung Galaxy A52 5G,343.43,128,8,248.89016155620428
samsung,Samsung Galaxy A52 5G,288.08,256,8,232.11575309437345
samsung,Samsung Galaxy A32,266.59,128,4,163.29985775816164
samsung,Samsung Galaxy A72,397.43,128,8,265.2554381043319
samsung,Samsung Galaxy A72,464.39,256,6,254.39682032830484
samsung,Samsung Galaxy M32,238.29,128,6,185.8748012999408
samsung,Samsung Galaxy M12,184.28,32,4,138.35493344933968
samsung,Samsung Galaxy A12 Nacho,131.58,32,4,122.38363578107439
sony,Sony Xperia 1 VI,1131.84,512,12,550.1293511570466
sony,Sony Xperia 1 IV,645.27,512,12,402.6691176381121
sony,Sony Xperia 1 V,1049.81,512,12,525.2692838377334
sony,Sony Xperia 5 IV,754.92,256,8,373.596599459705
sony,Sony Xperia 10 III,208.76,256,6,176.92541951352953
sony,Sony Xperia 5 III,453.06,256,8,282.11470355567155
sony,Sony Xperia 1 III,489.83,512,12,355.56136603364985
tcl,TCL 40 SE,92.56,256,6,141.7097688673734
tcl,TCL 50 SE,250.37,256,6,189.53577427589232
tecno,Tecno Pova 6 Pro,496.78,256,12,357.6676377375293
tecno,Tecno Spark Go 2024,124.14,128,4,120.12886434555458
tecno,Tecno Spark Go 2023,118.57,64,3,102.86503602783021
tecno,Tecno Spark 10 Pro,172.78,256,8,197.1728570573528
tecno,Tecno Spark 10 5G,157.62,128,8,192.57845719680435
vivo,vivo Y76 5G,520.11,256,8,302.4349219362633
vivo,vivo V40,732.18,512,12,429.008121060293
vivo,vivo V21 5G,142.61,256,8,188.02951643777854
vivo,vivo V29,523.32,256,8,303.4077467088465
vivo,vivo V30,752.75,256,8,372.9389577910117
xiaomi,Xiaomi Poco X3 NFC,196.81,128,6,173.30384442556425
xiaomi,Xiaomi Poco M3 Pro 5G,172.79,128,6,166.02432696841564
xiaomi,Xiaomi Redmi 12C,91.79,64,3,94.74907110266618
xiaomi,Xiaomi Redmi 12C,104.94,64,4,114.31009935066474
xiaomi,Xiaomi Redmi 12C,121.6,128,4,119.35909022643894
xiaomi,Xiaomi Redmi 12C,127.43,128,6,152.2774946679884
xiaomi,Xiaomi Redmi 13C 5G,152.28,128,6,159.8085524868953
xiaomi,Xiaomi 12 Pro,529.19,256,8,305.18671288176336
xiaomi,Xiaomi 12 Pro,525.73,256,12,366.44124433138654
xiaomi,Xiaomi Redmi Note 12 Pro,204.12,128,8,206.67077866880317
xiaomi,Xiaomi Redmi Note 12 Pro,255.54,256,8,222.25415867074247
xiaomi,Xiaomi Redmi Note 12 Pro,236.52,256,12,278.79306598909045
xiaomi,Xiaomi 12T Pro,430.92,256,8,275.4049401709392
xiaomi,Xiaomi 12T Pro,390.95,256,12,325.5947263099673
xiaomi,Xiaomi Redmi A1+,77.75,32,3,90.494099200153
xiaomi,Xiaomi Poco M5,116.63,128,4,117.85287866265756
xiaomi,Xiaomi Poco M5,172.79,128,6,166.02432696841564
xiaomi,Xiaomi Poco M5s,145.79,128,4,126.69012799864649
xiaomi,Xiaomi Poco M5s,170.63,128,6,165.3697159064905
xiaomi,Xiaomi Poco M5s,209.19,256,8,208.20729630026625
xiaomi,Xiaomi Poco M4 5G,196.99,128,6,173.35839534739137
xiaomi,Xiaomi 12T,355.32,256,8,252.49355300356055
xiaomi,Xiaomi Redmi Note 12 4G,113.66,128,4,116.95278845251053
xiaomi,Xiaomi Redmi Note 12 4G,162.53,128,6,162.9149244242714
xiaomi,Xiaomi Redmi Note 12 4G,212.19,128,8,209.1164783307178
xiaomi,Xiaomi Redmi Note 12 4G,152.47,256,8,191.0176947111959
xiaomi,Xiaomi Redmi A2+,102.44,32,3,97.97666731076913
xiaomi,Xiaomi Redmi A2,80.99,64,3,91.47601579304066
xiaomi,Xiaomi 13 Lite,376.92,256,8,259.03966362281164
xiaomi,Xiaomi 13,677.83,256,8,350.2336518838688
xiaomi,Xiaomi 13,1056.22,256,12,527.2119027761315
xiaomi,Xiaomi Poco X5 Pro,302.39,256,8,236.4525513796273
xiaomi,Xiaomi Poco X5,240.68,256,8,217.7506770132392
xiaomi,Xiaomi Redmi Note 12,107.99,128,6,146.38599511066246
xiaomi,Xiaomi Redmi Note 12,170.12,256,8,196.3667156570191
xiaomi,Xiaomi Redmi Note 12 Pro+,228.92,256,12,276.4898048452799
xiaomi,Xiaomi Redmi Note 12S,167.39,128,6,164.38779931360287
xiaomi,Xiaomi Redmi Note 12S,168.48,256,8,195.86969614703892
xiaomi,Xiaomi Poco X4 GT,204.11,256,8,206.667748062035
xiaomi,Xiaomi Redmi 10A,89.22,32,3,93.97020516324604
xiaomi,Xiaomi Redmi 10A,104.66,64,3,98.64946201330326
xiaomi,Xiaomi Redmi Note 11S 5G,144.03,128,4,126.15674120744825
xiaomi,Xiaomi Redmi Note 11S 5G,160.92,128,6,162.42699673459572
xiaomi,Xiaomi Redmi Note 11 Pro+ 5G,215.98,128,8,210.2650782958549
xiaomi,Xiaomi Redmi Note 11 Pro+ 5G,377.99,256,8,259.363938547006
xiaomi,Xiaomi Redmi 10 5G,138.15,128,4,124.37474442776323
xiaomi,Xiaomi Redmi 10 5G,151.19,128,6,159.47821634916457
xiaomi,Xiaomi 12,194.39,256,8,203.72199828337202
xiaomi,Xiaomi 12,233.15,256,12,277.77175150821654
xiaomi,Xiaomi 12X,389.58,256,8,262.8764117913171
xiaomi,Xiaomi 12X,209.51,256,12,270.6073971082584
xiaomi,Xiaomi Redmi 10C,116.1,64,4,117.69225650394446
xiaomi,Xiaomi Poco X4 Pro 5G,245.13,128,6,187.94773632937031
xiaomi,Xiaomi Poco X4 Pro 5G,285.76,128,8,231.41265232415762
xiaomi,Xiaomi Poco M4 Pro,148.05,128,6,158.52660582395865
xiaomi,Xiaomi Poco M4 Pro,215.99,128,8,210.26810890262308
xiaomi,Xiaomi Poco C40,116.64,64,4,117.85590926942572
xiaomi,Xiaomi Poco F4 GT,389.58,256,12,325.1795331827277
xiaomi,Xiaomi Poco F6 Pro,447.2,512,12,342.64188938093355
xiaomi,Xiaomi Poco F6 Pro,467.64,1000,16,411.13957100648736
xiaomi,Xiaomi Poco F6,340.2,512,12,310.2143969614955
xiaomi,Xiaomi 14,752.25,512,12,435.0905488440138
xiaomi,Xiaomi 14 Ultra,1164.24,512,16,622.2516384773338
xiaomi,Xiaomi Redmi A3,78.31,128,4,106.23959352702329
xiaomi,Xiaomi Redmi A3,106.92,128,6,146.0617201864681
xiaomi,Xiaomi Redmi 13,129.49,256,8,184.05336035793712
xiaomi,Xiaomi Poco M6 4G,135.0,256,8,185.7232246871998
xiaomi,Xiaomi 14T,701.89,512,12,419.82841315950066
xiaomi,Xiaomi 14T Pro,825.55,512,12,457.304896454713
xiaomi,Xiaomi Redmi 14C,150.12,128,6,159.15394142497018
xiaomi,Xiaomi Redmi 14C,213.35,128,8,209.46802871582574
xiaomi,Xiaomi Redmi Note 13 Pro 4G,307.08,256,8,237.87390595389985
xiaomi,Xiaomi Redmi Note 13 Pro 4G,213.55,512,12,271.8317622425998
xiaomi,Xiaomi Redmi 12 5G,161.99,128,6,162.7512716587901
xiaomi,Xiaomi Poco F5 Pro,588.39,256,12,385.4310263407509
xiaomi,Xiaomi Poco F5 Pro,431.99,512,12,338.0323364865443
xiaomi,Xiaomi Redmi 12,111.24,128,8,178.52250300602364
xiaomi,Xiaomi Redmi 12,156.59,256,8,192.26630469968268
xiaomi,Xiaomi Poco F5,289.43,256,12,294.8280063994873
xiaomi,Xiaomi Redmi Note 12 Pro 4G,199.09,128,8,205.14638346441276
xiaomi,Xiaomi Redmi Note 12 Pro 4G,257.03,256,8,222.70571907920007
xiaomi,Xiaomi 13T Pro,496.79,512,12,357.6706683442974
xiaomi,Xiaomi 13T Pro,1460.38,1000,16,712.0000273099731
xiaomi,Xiaomi Redmi Note 13 Pro,278.64,512,12,291.55798169663
xiaomi,Xiaomi Redmi Note 13 Pro+,339.12,512,8,247.58397003912225
xiaomi,Xiaomi Redmi Note 13 Pro+,363.95,512,12,317.4120880359035
xiaomi,Xiaomi Redmi Note 13 4G,152.45,128,8,191.01163349765955
xiaomi,Xiaomi Redmi Note 13 4G,174.86,256,8,197.80322326513252
xiaomi,Xiaomi Poco X6,235.42,256,12,278.45969924459155
xiaomi,Xiaomi Poco X6,250.56,512,12,283.0480378916036
xiaomi,Xiaomi Redmi Note 13,214.89,256,8,209.93474215812418
xiaomi,Xiaomi Poco X6 Pro,265.37,512,12,287.53636651526597
xiaomi,Xiaomi Poco M6 Pro,186.3,512,12,263.5733587993317
xiaomi,Xiaomi Redmi 13C,114.88,128,6,148.47408317393283
xiaomi,Xiaomi Redmi 13C,132.82,256,8,185.06255241173832
xiaomi,Xiaomi Poco C65,119.88,256,8,181.14094725372405
xiaomi,Xiaomi Redmi 10 2022,116.63,128,4,117.85287866265756
xiaomi,Xiaomi Redmi 10 2022,120.84,128,6,150.2803248077632
xiaomi,Xiaomi Mi Note 10 Lite,139.61,128,6,155.96877371162165
xiaomi,Xiaomi Redmi Note 9,126.06,64,4,120.71074084504355
xiaomi,Xiaomi Redmi Note 9,118.12,128,4,118.30443907111516
xiaomi,Xiaomi Redmi Note 9S,118.79,128,4,118.50748972458267
xiaomi,Xiaomi Mi 10 5G,309.74,256,6,207.5284866585282
xiaomi,Xiaomi Mi 10 5G,345.59,256,8,249.54477261812937
xiaomi,Xiaomi Poco F2 Pro,197.01,256,8,204.51601725663303
xiaomi,Xiaomi Redmi 9C,91.25,32,3,94.5854183371849
xiaomi,Xiaomi Redmi 9C,110.69,64,3,100.47691789451085
xiaomi,Xiaomi Redmi Note 9 Pro,186.83,128,6,170.2792988709288
xiaomi,Xiaomi Redmi 9A,66.36,32,3,87.04223809120533
xiaomi,Xiaomi Redmi 9,118.79,64,4,118.50748972458267
xiaomi,Xiaomi Redmi 9,129.59,128,4,121.78054503420819
xiaomi,Xiaomi Redmi Note 9T,140.39,128,4,125.05360034383372
xiaomi,Xiaomi Redmi Note 9T,215.99,128,6,179.11654820691774
xiaomi,Xiaomi Mi 10T Pro 5G,161.99,256,8,193.90283235449544
xiaomi,Xiaomi Mi 10T 5G,268.92,128,8,226.30911052655634
xiaomi,Xiaomi Redmi 9T,109.07,128,4,115.5617399459197
xiaomi,Xiaomi Poco F3,198.04,128,8,204.8281697537547
xiaomi,Xiaomi Mi 11 Lite,170.41,128,6,165.30304255759074
xiaomi,Xiaomi Mi 11 Lite,269.99,128,8,226.6333854507507
xiaomi,Xiaomi Mi 11 Lite 5G,259.65,128,6,192.34817735675574
xiaomi,Xiaomi Mi 11 Lite 5G,131.75,128,8,184.73827748754397
xiaomi,Xiaomi Poco X3 Pro,174.85,128,8,197.80019265836435
xiaomi,Xiaomi Redmi Note 10 Pro,212.75,128,6,178.13463161403007
xiaomi,Xiaomi Redmi Note 10 Pro,237.59,128,8,216.81421952187412
xiaomi,Xiaomi Redmi Note 10 Pro,207.77,256,8,207.77695013918586
xiaomi,Xiaomi Redmi Note 10 5G,102.59,128,4,113.59790676014438
xiaomi,Xiaomi Redmi Note 10 5G,194.03,128,6,172.4613357440125
xiaomi,Xiaomi Redmi Note 10 5G,302.29,128,8,236.42224531194557
xiaomi,Xiaomi Redmi Note 10S,166.31,128,4,132.90893308693498
xiaomi,Xiaomi Redmi Note 10S,172.79,128,6,166.02432696841564
xiaomi,Xiaomi Redmi Note 10,104.75,128,4,114.25251782206948
xiaomi,Xiaomi Redmi Note 10,107.99,128,6,146.38599511066246
xiaomi,Xiaomi Mi 11,215.89,128,8,210.23780283494133
xiaomi,Xiaomi Redmi Note 11 Pro,167.39,128,6,164.38779931360287
xiaomi,Xiaomi Redmi Note 11 Pro,180.05,128,8,199.37610817781368
xiaomi,Xiaomi Redmi Note 11 Pro 5G,169.89,128,4,133.99389030994047
xiaomi,Xiaomi Redmi Note 11 Pro 5G,161.99,128,6,162.7512716587901
xiaomi,Xiaomi Redmi Note 11 Pro 5G,270.0,128,8,226.63641605751886
xiaomi,Xiaomi Redmi Note 11,137.15,64,6,155.2232444466514
xiaomi,Xiaomi Redmi Note 11,149.58,128,4,127.83872796378358
xiaomi,Xiaomi Redmi Note 11,188.99,128,6,170.93390993285394
xiaomi,Xiaomi Redmi Note 11S,143.63,128,6,157.1870776324267
xiaomi,Xiaomi Redmi Note 11S,168.78,128,8,195.9606143500841
xiaomi,Xiaomi Redmi Note 11 4G,95.04,128,6,142.46135934588
xiaomi,Xiaomi Poco M4 Pro 5G,161.14,64,6,162.4936700834955
xiaomi,Xiaomi Poco M4 Pro 5G,196.99,128,6,173.35839534739137
xiaomi,Xiaomi Poco X3 GT,214.42,256,8,209.7923036400201
xiaomi,Xiaomi Redmi 10,113.4,128,4,116.87399267653808
xiaomi,Xiaomi Redmi 10,129.59,128,6,152.93210572991353
xiaomi,Xiaomi 11T Pro,274.32,256,8,227.9456381813691
xiaomi,Xiaomi 11T Pro,197.63,256,12,267.00703626767034
xiaomi,Xiaomi 11 Lite 5G NE,208.32,128,8,207.9436335114353
xiaomi,Xiaomi 11T,194.4,256,8,203.72502889014018
zte,ZTE Blade A75 4G,115.55,256,4,117.52557313169501
zte,ZTE nubia Flip,539.99,256,8,308.4597681913889
zte,ZTE nubia Z50S Pro,547.53,1000,12,373.047967086001
zte,ZTE Blade V60 Design,127.43,256,6,152.2774946679884
zte,ZTE nubia Red Magic 9S Pro,808.92,512,16,514.568118790654
apple,Apple iPhone 16 Pro,999.99,256,8,447.8676795272909
apple,Apple iPhone 16 Pro,1099.99,512,8,478.17374720900875
apple,Apple iPhone 16 Pro,1299.99,1000,8,538.7858825724445
apple,Apple iPhone 16 Pro Max,1199.99,512,8,508.47981489072663
apple,Apple iPhone 16 Pro Max,1399.99,1000,8,569.0919502541624
apple,Apple iPhone 12 mini,208.0,128,4,145.54353270344316
apple,Apple iPhone 12 mini,241.64,256,4,155.73849387157304
apple,Apple iPhone 13 mini,342.0,256,4,186.15366339694506
apple,Apple iPhone 13 mini,395.0,512,4,202.21587926825552
apple,Apple iPhone XR,160.0,128,3,115.42083986836592
apple,Apple iPhone XR,187.99,256,3,123.90350821247874
apple,Apple iPhone XS Max,219.28,256,4,148.96205713794092
apple,Apple iPhone XS Max,279.49,512,4,167.20934048910323
apple,Apple iPhone 12 Pro Max,410.33,256,6,238.0133601395682
apple,Apple iPhone 12 Pro Max,500.0,512,6,265.18881102976457
apple,Apple iPhone X,162.9,256,3,116.29971583113574
apple,Apple iPhone XS,172.65,256,4,134.8303377779559
apple,Apple iPhone XS,193.0,512,4,140.9976225511855
apple,Apple iPhone 11,208.0,128,4,145.54353270344316
apple,Apple iPhone 11,239.0,256,4,154.9384136847757
apple,Apple iPhone 11 Pro,259.9,256,4,161.27238183025472
apple,Apple iPhone 11 Pro,249.0,512,4,157.96902045294746
apple,Apple iPhone 11 Pro Max,285.0,256,4,168.87920481836588
apple,Apple iPhone 11 Pro Max,341.96,512,4,186.14154096987235
apple,Apple iPhone SE (2020),99.64,128,3,97.12809741568104
apple,Apple iPhone SE (2020),130.72,256,3,106.54722325115894
apple,Apple iPhone 12,249.99,128,4,158.26905052299648
apple,Apple iPhone 12,291.75,256,4,170.92486438688184
apple,Apple iPhone 12 Pro,357.55,256,6,222.0178176171575
apple,Apple iPhone 12 Pro,389.99,512,6,231.8491059731068
apple,Apple iPhone 14,447.5,256,6,249.2781254968627
apple,Apple iPhone 14,530.0,512,6,274.28063133428
apple,Apple iPhone 14 Plus,427.99,256,6,243.36541169215957
apple,Apple iPhone 14 Plus,569.95,512,6,286.38790537312616
apple,Apple iPhone 14 Pro,603.41,256,6,296.528315619429
apple,Apple iPhone 14 Pro,679.05,512,6,319.4518252138804
apple,Apple iPhone 14 Pro,698.06,1000,6,325.2130086801749
apple,Apple iPhone 14 Pro Max,686.07,256,6,321.5793111651369
apple,Apple iPhone 14 Pro Max,668.95,512,6,316.3909123780269
apple,Apple iPhone 14 Pro Max,787.5,1000,6,352.3187556147034
apple,Apple iPhone 14 Pro Max,999.99,256,6,416.7161188315856
apple,Apple iPhone SE (2022),126.49,128,4,120.84105693607493
apple,Apple iPhone SE (2022),233.33,256,4,153.22005964722229
apple,Apple iPhone 15,525.98,256,6,273.0623274134749
apple,Apple iPhone 15,716.99,512,6,330.94994729232417
apple,Apple iPhone 15,829.99,256,6,365.1958037726653
apple,Apple iPhone 15,929.99,512,6,395.50187145438315
apple,Apple iPhone 15 Pro Max,788.95,512,8,383.90975429179366
apple,Apple iPhone 15 Pro Max,1056.99,1000,8,465.1421381058701
apple,Apple iPhone 15 Pro Max,1199.99,512,8,508.47981489072663
apple,Apple iPhone 15 Pro Max,1399.99,1000,8,569.0919502541624
apple,Apple iPhone 15 Plus,629.99,256,6,304.58366840922963
apple,Apple iPhone 15 Plus,726.75,512,6,333.9078194980598
apple,Apple iPhone 15 Plus,929.99,256,6,395.50187145438315
apple,Apple iPhone 15 Plus,1029.99,512,6,425.807939136101
apple,Apple iPhone 15 Pro,787.49,256,8,383.4672857036405
apple,Apple iPhone 15 Pro,827.5,512,8,395.5927433830958
apple,Apple iPhone 15 Pro,989.99,1000,8,444.8370727591191
apple,Apple iPhone 15 Pro,999.99,256,8,447.8676795272909
apple,Apple iPhone 15 Pro,1099.99,512,8,478.17374720900875
apple,Apple iPhone 15 Pro,1299.99,1000,8,538.7858825724445
apple,Apple iPhone 16,829.99,256,8,396.34736446837064
apple,Apple iPhone 16,929.99,512,8,426.6534321500884
apple,Apple iPhone 16 Plus,929.99,256,8,426.6534321500884
apple,Apple iPhone 16 Plus,1029.99,512,8,456.9594998318063
apple,Apple iPhone 13 Pro Max,538.95,256,6,276.9930243917937
apple,Apple iPhone 13 Pro Max,590.24,512,6,292.5370065057467
apple,Apple iPhone 13 Pro Max,624.4,1000,6,302.8895592258216
apple,Apple iPhone 13,318.8,256,4,179.12265569478652
apple,Apple iPhone 13,433.45,512,4,213.868562291876
apple,Apple iPhone 13 Pro,495.98,256,6,263.9705071089595
apple,Apple iPhone 13 Pro,521.15,512,6,271.5985443444479
apple,Apple iPhone 13 Pro,662.54,1000,6,314.44829343962874
asus,Asus ROG Phone 7,888.0,512,16,538.5341571133565
asus,Asus Zenfone 10,658.0,256,8,344.2239586625841
asus,Asus Zenfone 10,659.0,256,16,469.1332621222226
asus,Asus Zenfone 10,814.0,512,16,516.1076670288853
asus,Asus ROG Phone 8,799.99,256,16,511.8617869466766
asus,Asus ROG Phone 8 Pro,1054.0,1000,24,713.4484722478294
asus,Asus Zenfone 11 Ultra,699.99,512,16,481.5557192649587
asus,Asus ROG Phone 6,697.0,128,12,418.34644644986474
google,Google Pixel 8,374.94,256,8,258.43960348271355
google,Google Pixel 4 XL,121.99,128,6,150.62884458610296
google,Google Pixel 4 XL,599.99,128,6,295.4918481047142
google,Google Pixel 4,107.99,128,6,146.38599511066246
google,Google Pixel 6,199.08,256,8,205.1433528576446
google,Google Pixel 9 Pro Fold,1799.0,512,16,814.622433693806
google,Google Pixel 9,754.99,256,12,435.9209350984929
google,Google Pixel 9 Pro,1082.97,256,16,597.6218972724017
google,Google Pixel 9 Pro XL,1059.89,256,16,590.6272568514613
google,Google Pixel 9 Pro XL,1199.0,512,16,632.786027603499
google,Google Pixel 9 Pro XL,1319.0,1000,16,669.1533088215604
google,Google Pixel 8 Pro,459.95,256,12,346.5059130103525
google,Google Pixel 8 Pro,494.95,512,12,357.1130366989538
google,Google Pixel 8 Pro,609.99,1000,12,391.977136960002
google,Google Pixel 8 Pro,999.0,256,12,509.87077084865257
google,Google Pixel 8 Pro,1059.0,512,12,528.0544114576833
google,Google Pixel 8 Pro,1179.0,1000,12,564.4216926757447
google,Google Pixel 8a,332.0,256,8,245.42617802018393
google,Google Pixel Fold,617.99,512,12,394.40162237453944
google,Google Pixel 6 Pro,204.95,256,12,269.22544042197205
google,Google Pixel 6 Pro,269.99,512,12,288.9365068421614
google,Google Pixel 7 Pro,298.31,256,12,297.51918520962386
google,Google Pixel 7 Pro,360.0,512,12,316.2149983624756
google,Google Pixel 7 Pro,899.0,256,12,479.5647031669348
google,Google Pixel 7 Pro,999.0,512,12,509.87077084865257
google,Google Pixel 7,245.5,256,8,219.21142947549802
honor,Honor 70,620.0,256,8,332.70765294353134
honor,Honor Magic5 Lite,329.99,256,8,244.8170260597814
honor,Honor X7,370.0,128,6,225.7909230435314
honor,Honor Magic5 Pro,999.0,256,12,509.87077084865257
honor,Honor Magic5 Pro,999.0,512,12,509.87077084865257
honor,Honor X8a,405.0,128,8,267.54960742783794
honor,Honor 90,490.0,512,12,355.6128863487088
honor,Honor X7a,189.99,128,6,171.2369706096711
honor,Honor X8b,289.99,256,6,201.54303829138894
honor,Honor X7b,349.0,128,8,250.57820952607597
honor,Honor Magic6 Pro,845.0,512,12,463.19942661880714
honor,Honor Magic V2,1148.5,512,16,617.4814634242315
honor,Honor 50,369.5,128,8,256.79095340082813
htc,HTC U23 Pro,399.0,256,12,328.03436475834553
huawei,Huawei P30,270.0,128,6,195.48485536181354
huawei,Huawei P60 Pro,1290.0,512,12,598.0614278024515
huawei,Huawei Mate 50 Pro,699.99,512,8,356.94947648213747
huawei,Huawei nova Y90,179.99,128,6,168.20636384149932
motorola,Motorola Moto G23,160.0,128,8,193.29974160762924
motorola,Motorola Moto E22,265.0,64,4,162.81799128202232
motorola,Motorola Moto G53,295.0,128,4,171.90981158653767
motorola,Motorola Edge 20 Pro,359.95,128,8,253.89672393722407
motorola,Motorola Edge 20,375.0,256,8,258.45778712332265
motorola,Motorola Moto G Stylus 5G,84.98,256,6,139.4125689370992
motorola,Motorola Moto G30,370.99,128,4,194.93939241787507
motorola,Motorola Moto G30,190.0,128,6,171.24000121643928
motorola,Motorola One 5G Ace,68.0,128,6,134.2665986447435
motorola,Motorola Moto G 5G,84.74,128,2,77.03671298325241
motorola,Motorola Moto G Power (2021),64.95,64,4,102.19070288474578
motorola,Motorola Moto G Power (2021),189.99,64,4,140.08540991396578
motorola,Motorola Moto G Stylus 5G (2022),84.95,128,6,139.40347711679468
motorola,Motorola Moto G Stylus 5G (2022),249.99,256,8,220.57217191440714
motorola,Motorola Moto G Stylus 5G (2022),299.99,128,6,204.57364505956073
motorola,Motorola Edge 30,495.0,128,8,294.82506834138405
motorola,Motorola Moto G (2022),147.99,256,6,158.5084221833496
motorola,Motorola Moto G (2022),399.99,256,6,234.87971274127855
motorola,Motorola Edge 30 Pro,999.0,256,8,447.56764945724194
motorola,Motorola Edge 30 Pro,229.99,256,12,276.81407976947423
motorola,Motorola Edge 30 Pro,999.99,256,8,447.8676795272909
motorola,Motorola Moto G52,425.0,128,6,242.4592602684762
motorola,Motorola Moto G71 5G,390.0,128,6,231.85213657987495
motorola,Motorola Moto G51 5G,160.99,64,6,162.44821098197292
motorola,Motorola Moto G31,189.0,128,4,139.78537984391676
motorola,Motorola Moto G Power (2022),59.98,128,4,100.6844913209644
motorola,Motorola Moto G82,99.5,128,8,174.96457066018996
motorola,Motorola Moto E13,60.0,64,4,100.69055253450074
motorola,Motorola ThinkPhone,775.0,256,8,379.6820578501939
motorola,Motorola Moto G72,179.99,128,8,199.35792453720464
motorola,Motorola Moto G72,184.5,256,8,200.7247281896501
motorola,Motorola Edge 30 Ultra,990.0,256,8,444.84010336588733
motorola,Motorola Edge 30 Ultra,990.0,256,12,507.14322475729796
motorola,Motorola Edge 30 Fusion,264.95,256,8,225.1059596395921
motorola,Motorola Moto G13,95.0,128,4,111.29767622310199
motorola,Motorola Moto G42,345.0,128,4,187.06284542739658
motorola,Motorola Edge 30 Neo,410.0,128,8,269.0649108119238
motorola,Motorola Edge (2022),99.99,256,8,175.11307039183038
motorola,Motorola Edge (2022),239.99,256,8,217.54156514623534
motorola,Motorola Moto G32,268.0,128,4,163.72717331247387
motorola,Motorola Moto G32,299.0,128,6,204.2736149895117
motorola,Motorola Moto G73,234.11,256,8,215.75956836655033
motorola,Motorola Edge 40 Neo,489.99,256,12,355.6098557419406
motorola,Motorola Moto G14,99.0,256,8,174.81304032178136
motorola,Motorola Moto G54,129.99,256,8,184.20489069634573
motorola,Motorola Razr 40 Ultra,309.95,256,12,301.0468114877758
motorola,Motorola Razr 40,312.99,256,8,239.6649945538894
motorola,Motorola Edge 40,359.99,256,8,253.90884636429675
motorola,Motorola Moto G Stylus 5G (2023),168.0,256,6,164.57266632646136
motorola,Motorola Moto G Stylus 5G (2023),399.99,256,6,234.87971274127855
motorola,Motorola Moto G (2023),79.95,128,4,106.73661303700345
motorola,Motorola Moto G (2023),169.99,128,4,134.02419637762222
motorola,Motorola Moto G85,266.56,256,12,287.8970087206784
motorola,Motorola Moto G Stylus 5G (2024),212.31,256,8,209.15284561193587
motorola,Motorola Moto G Stylus 5G (2024),399.99,256,8,266.0312734369839
motorola,Motorola Edge 50 Fusion,450.0,256,8,281.187337884611
motorola,Motorola Edge 50 Pro,699.0,256,12,418.95256780349905
motorola,Motorola Moto G24 Power,129.0,128,8,183.9048606262967
nokia,Nokia X20,399.0,128,8,265.7312433669349
nokia,Nokia G42,240.01,128,6,186.39606566406636
nokia,Nokia C32,110.26,64,4,115.92238215133213
nokia,Nokia C32,125.73,128,4,120.61073082169389
nokia,Nokia X30,529.0,256,8,305.1291313531681
nokia,Nokia G100,56.87,128,4,99.74197261606298
nokia,Nokia G100,169.99,128,4,134.02419637762222
nokia,Nokia G60,400.0,128,4,203.7311826523414
nokia,Nokia G60,299.99,128,6,204.57364505956073
nokia,Nokia G22,190.16,128,4,140.1369302290247
nokia,Nokia XR20,490.0,128,6,262.1582042615928
nokia,Nokia G11,255.0,64,4,159.78738451385053
nokia,Nokia C21 Plus,233.0,32,3,137.54426927601995
nokia,Nokia G21,159.99,64,4,130.99358960945042
nokia,Nokia G21,219.99,128,4,149.17723021848113
nothing,Nothing Phone (2a),349.99,256,12,313.18136098753564
nothing,Nothing Phone (1),529.0,256,8,305.1291313531681
nothing,Nothing Phone (1),349.5,256,12,313.0328612558952
nothing,Nothing Phone (2),590.0,256,12,385.9189540304267
nothing,Nothing Phone (2),634.5,512,12,399.4051541487911
oneplus,OnePlus 9R,495.0,256,8,294.82506834138405
oneplus,OnePlus Nord N20 SE,149.99,128,4,127.96298284127863
oneplus,OnePlus Nord 2T,359.99,256,12,316.2119677557074
oneplus,OnePlus 10 Pro,239.95,256,8,217.52944271916266
oneplus,OnePlus 10 Pro,750.0,256,12,434.40866232117514
oneplus,OnePlus Nord CE 2 5G,199.99,128,8,205.41913807354823
oneplus,OnePlus 7T,129.9,256,8,184.17761523543217
oneplus,OnePlus Nord 2 5G,185.0,128,8,200.8762585280587
oneplus,OnePlus Nord 2 5G,405.0,256,12,329.85272881924857
oneplus,OnePlus 9RT 5G,419.99,256,8,272.0924869733275
oneplus,OnePlus 8T,219.95,256,12,273.77135057422976
oneplus,OnePlus 12R,429.99,256,16,399.7293365243206
oneplus,OnePlus 12R,499.99,256,16,420.9435839015231
oneplus,OnePlus 12,649.99,512,16,466.4026854240998
oneplus,OnePlus 12,799.99,512,16,511.8617869466766
oneplus,OnePlus Nord,199.99,128,8,205.41913807354823
oneplus,OnePlus 10T,259.94,256,12,285.89074704014877
oneplus,OnePlus 10T,599.99,256,16,451.24965158324096
oneplus,OnePlus 11,595.0,256,12,387.43425741451256
oneplus,OnePlus 11,553.91,256,16,437.28461559550533
oneplus,OnePlus 8 Pro,425.0,256,12,335.9139423555922
oneplus,OnePlus Nord CE 3 Lite,235.0,256,8,216.02929236891762
oneplus,OnePlus 9,167.62,256,12,257.9121853563868
oneplus,OnePlus 8,897.0,128,8,416.65546042188976
oneplus,OnePlus 8,499.95,256,12,358.6283400830397
oneplus,OnePlus 9 Pro,550.0,256,8,311.4934055663289
oppo,Oppo Reno6 5G,293.0,256,12,295.9099330157246
oppo,Oppo A16,350.0,64,4,188.5781488114825
oppo,Oppo A54s,179.99,128,8,199.35792453720464
oppo,Oppo A54 5G,441.0,128,4,216.1566704018457
oppo,Oppo Reno12,539.0,512,12,370.46285951275047
oppo,Oppo Find X5,359.25,256,8,253.68458146345205
oppo,Oppo A96,495.0,128,8,294.82506834138405
oppo,Oppo Find X5 Pro,1070.0,256,12,531.3880789026723
oppo,Oppo Reno7,530.0,256,8,305.43219202998523
oppo,Oppo Reno11,372.72,256,12,320.06993017159016
oppo,Oppo Find X3 Pro,620.0,256,12,395.01077433494197
oppo,Oppo Find N3 Flip,849.0,512,12,464.41166932607587
oppo,Oppo Reno10,428.36,256,8,274.6291048382873
oppo,Oppo Find X3 Neo,660.0,256,12,407.13320140762914
oppo,Oppo A15,405.0,32,3,189.67070568857463
realme,Realme 6 Pro,539.0,128,6,277.00817742563447
realme,Realme 9 Pro,199.99,128,8,205.41913807354823
realme,Realme 12 Pro+,534.98,256,8,306.9414342005348
realme,Realme 12 Pro,540.0,256,8,308.462798798157
realme,Realme Note 50,215.0,128,4,147.6649574411634
realme,Realme GT Neo 3,655.0,128,8,343.3147766321325
realme,Realme C31,266.12,64,4,163.15741924005755
realme,Realme 9,279.0,128,8,229.36396214887347
realme,Realme 9i,209.75,128,4,146.0738888878732
realme,Realme 9i,179.99,128,6,168.20636384149932
realme,Realme C35,109.0,64,6,146.69208639424784
realme,Realme C35,90.0,128,4,109.78237283901609
realme,Realme GT Master,249.99,128,8,220.57217191440714
realme,Realme 10,361.0,128,4,191.91181625647144
realme,Realme C55,275.0,256,8,228.15171944160477
realme,Realme C53,159.99,256,8,193.29671100086108
samsung,Samsung Galaxy A51,122.64,128,4,119.6742733303288
samsung,Samsung Galaxy S20 FE 5G,119.99,128,8,181.17428392817394
samsung,Samsung Galaxy S20 FE 5G,479.97,256,8,290.27006636882186
samsung,Samsung Galaxy A42 5G,129.99,128,6,153.0533300006404
samsung,Samsung Galaxy S22 5G,219.95,256,8,211.4682291828191
samsung,Samsung Galaxy S22 5G,449.99,256,8,281.1843072778428
samsung,Samsung Galaxy S21 FE 5G,150.0,128,8,190.26913483945745
samsung,Samsung Galaxy S21 FE 5G,499.0,256,8,296.0373110486528
samsung,Samsung Galaxy A03,99.0,32,4,112.5099189303707
samsung,Samsung Galaxy S9+,219.22,64,6,180.09543419303722
samsung,Samsung Galaxy S9+,148.44,128,6,158.64479948791734
samsung,Samsung Galaxy Note10+,278.0,512,12,291.36402286346697
samsung,Samsung Galaxy A71,159.07,128,8,193.01789517818926
samsung,Samsung Galaxy S20 5G,169.79,128,12,258.5698270250801
samsung,Samsung Galaxy S10e,121.77,128,8,181.71373193290853
samsung,Samsung Galaxy S10e,144.5,256,8,188.602301116963
samsung,Samsung Galaxy S9,130.0,128,4,121.90479991170324
samsung,Samsung Galaxy S10,169.99,128,8,196.32731776903287
samsung,Samsung Galaxy S10,259.0,512,8,223.3027486125299
samsung,Samsung Galaxy S10+,170.0,128,8,196.33034837580104
samsung,Samsung Galaxy S10+,485.99,512,8,292.0944916432612
samsung,Samsung Galaxy S10+,489.0,1000,12,355.30982567189164
samsung,Samsung Galaxy A03s,68.49,32,3,87.68775733282592
samsung,Samsung Galaxy A03s,130.0,32,4,121.90479991170324
samsung,Samsung Galaxy A03s,159.99,32,3,115.41780926159775
samsung,Samsung Galaxy S22+ 5G,274.0,256,8,227.8486587647876
samsung,Samsung Galaxy S22+ 5G,999.99,256,8,447.8676795272909
samsung,Samsung Galaxy S22+ 5G,829.99,256,8,396.34736446837064
samsung,Samsung Galaxy A23,147.99,64,6,158.5084221833496
samsung,Samsung Galaxy A23,174.99,128,4,135.5394997617081
samsung,Samsung Galaxy S22 Ultra 5G,360.99,256,12,316.51502843252456
samsung,Samsung Galaxy S22 Ultra 5G,384.95,512,12,323.77636224906416
samsung,Samsung Galaxy S22 Ultra 5G,394.95,1000,12,326.80696901723593
samsung,Samsung Galaxy S22 Ultra 5G,829.0,256,12,458.3504557897322
samsung,Samsung Galaxy S22 Ultra 5G,929.0,512,12,488.6565234714501
samsung,Samsung Galaxy A13,87.0,32,4,108.87319080856457
samsung,Samsung Galaxy A13,104.0,64,4,114.0252223144566
samsung,Samsung Galaxy A13,114.99,128,4,117.3558591526774
samsung,Samsung Galaxy A53 5G,134.09,128,6,154.29587877559084
samsung,Samsung Galaxy A53 5G,183.7,128,8,200.48227964819637
samsung,Samsung Galaxy A53 5G,219.99,256,6,180.32879091418644
samsung,Samsung Galaxy A53 5G,389.0,256,8,262.70063659876314
samsung,Samsung Galaxy A53 5G,499.99,128,6,265.1857804229964
samsung,Samsung Galaxy A33 5G,299.99,128,6,204.57364505956073
samsung,Samsung Galaxy A13 5G,79.0,128,4,106.44870539402714
samsung,Samsung Galaxy A73 5G,599.0,128,8,326.34337873037055
samsung,Samsung Galaxy A23 5G,100.0,64,6,143.96454030289323
samsung,Samsung Galaxy A23 5G,299.99,64,6,204.57364505956073
samsung,Samsung Galaxy Z Flip4,351.0,256,8,251.18433087971033
samsung,Samsung Galaxy Z Flip4,235.0,512,8,216.02929236891762
samsung,Samsung Galaxy Z Flip4,899.99,256,8,417.5616118455731
samsung,Samsung Galaxy Z Flip4,809.99,512,8,390.286150932027
samsung,Samsung Galaxy Z Flip4,999.99,256,8,447.8676795272909
samsung,Samsung Galaxy Z Flip4,1059.99,512,8,466.0513201363217
samsung,Samsung Galaxy A04,69.5,128,4,103.56962896426394
samsung,Samsung Galaxy Z Fold4,848.0,512,12,464.1086086492587
samsung,Samsung Galaxy Z Fold4,629.77,1000,12,397.9716771474458
samsung,Samsung Galaxy Z Fold4,1599.99,512,12,692.0072070090087
samsung,Samsung Galaxy Z Fold4,1719.99,1000,12,728.3744882270701
samsung,Samsung Galaxy Z Fold4,1799.99,512,12,752.6193423724444
samsung,Samsung Galaxy Z Fold4,1919.99,1000,12,788.9866235905058
samsung,Samsung Galaxy Z Fold3 5G,399.95,512,12,328.3222724013219
samsung,Samsung Galaxy Z Fold3 5G,1799.99,512,12,752.6193423724444
samsung,Samsung Galaxy A52s 5G,399.99,128,6,234.87971274127855
samsung,Samsung Galaxy A04s,119.99,32,4,118.87116253676328
samsung,Samsung Galaxy A15,128.99,128,6,152.75026932382323
samsung,Samsung Galaxy A15,134.99,128,8,185.72019408043164
samsung,Samsung Galaxy S24 Ultra,729.95,512,12,428.33229575099074
samsung,Samsung Galaxy S24 Ultra,898.94,1000,12,479.5465195263257
samsung,Samsung Galaxy S24 Ultra,1049.99,512,12,525.3238347595606
samsung,Samsung Galaxy S24 Ultra,1219.99,1000,12,576.8441498184809
samsung,Samsung Galaxy S24 Ultra,1219.99,512,12,576.8441498184809
samsung,Samsung Galaxy S24+,569.95,512,12,379.84258746024216
samsung,Samsung Galaxy S24+,999.99,512,12,510.1708009187016
samsung,Samsung Galaxy A35,249.99,128,8,220.57217191440714
samsung,Samsung Galaxy A35,248.87,256,8,220.23274395637188
samsung,Samsung Galaxy A35,399.99,128,8,266.0312734369839
samsung,Samsung Galaxy A55,299.99,256,8,235.72520575526605
samsung,Samsung Galaxy A55,311.5,256,12,301.5165555368425
samsung,Samsung Galaxy S24,469.98,256,8,287.2424902074182
samsung,Samsung Galaxy S24,614.5,512,8,331.0408192210368
samsung,Samsung Galaxy S24,719.99,256,8,363.010690018481
samsung,Samsung Galaxy S24,779.99,512,8,381.1943306275117
samsung,Samsung Galaxy S24,859.99,256,8,405.43918477288594
samsung,Samsung Galaxy Z Flip6,1099.99,512,12,540.4768686004195
samsung,Samsung Galaxy Z Flip6,1099.99,512,12,540.4768686004195
samsung,Samsung Galaxy Z Fold6,1899.99,512,12,782.9254100541622
samsung,Samsung Galaxy Z Fold6,1899.99,1000,12,782.9254100541622
samsung,Samsung Galaxy Z Fold6,1899.99,512,12,782.9254100541622
samsung,Samsung Galaxy Z Fold6,2019.99,1000,12,819.2926912722236
samsung,Samsung Galaxy A06,125.0,128,6,151.54105722332267
samsung,Samsung Galaxy S24 FE,649.99,256,8,341.79644264127853
samsung,Samsung Galaxy S24 FE,709.99,512,8,359.98008325030924
samsung,Samsung Galaxy S24 FE,649.99,256,8,341.79644264127853
samsung,Samsung Galaxy S24 FE,709.99,512,8,359.98008325030924
samsung,Samsung Galaxy A25,159.95,256,8,193.2845885737884
samsung,Samsung Galaxy A25,299.99,256,8,235.72520575526605
samsung,Samsung Galaxy A15 5G,199.99,128,6,174.26757737784288
samsung,Samsung Galaxy A15 5G,139.0,128,8,186.9354673944685
samsung,Samsung Galaxy A15 5G,132.0,256,8,184.81404265674826
samsung,Samsung Galaxy A14,129.99,128,4,121.90176930493507
samsung,Samsung Galaxy S23,354.9,256,8,252.3662675192973
samsung,Samsung Galaxy S23,473.5,512,8,288.30926378981474
samsung,Samsung Galaxy S23,759.99,256,8,375.1331170911682
samsung,Samsung Galaxy S23,699.99,256,8,356.94947648213747
samsung,Samsung Galaxy S23,859.99,512,8,405.43918477288594
samsung,Samsung Galaxy A14 5G,59.95,128,4,100.67539950065989
samsung,Samsung Galaxy A14 5G,125.0,128,6,151.54105722332267
samsung,Samsung Galaxy A14 5G,199.99,128,4,143.11601668213757
samsung,Samsung Galaxy A14 5G,199.99,128,4,143.11601668213757
samsung,Samsung Galaxy S23+,469.66,512,8,287.14551079083674
samsung,Samsung Galaxy S23+,999.99,512,8,447.8676795272909
samsung,Samsung Galaxy S23+,999.99,512,8,447.8676795272909
samsung,Samsung Galaxy A34,245.0,128,8,219.05989913708942
samsung,Samsung Galaxy S23 Ultra,635.5,256,12,399.70821482560825
samsung,Samsung Galaxy S23 Ultra,669.99,512,12,410.1607775690327
samsung,Samsung Galaxy S23 Ultra,692.0,1000,12,416.83114306577886
samsung,Samsung Galaxy S23 Ultra,759.99,256,12,437.4362384825788
samsung,Samsung Galaxy A54,178.0,128,8,198.75483379033847
samsung,Samsung Galaxy A54,235.95,256,8,216.31720001189396
samsung,Samsung Galaxy A24 4G,187.49,128,6,170.47931891762815
samsung,Samsung Galaxy Z Fold5,1375.0,512,12,623.8215853319117
samsung,Samsung Galaxy Z Fold5,880.0,1000,12,473.80655030740843
samsung,Samsung Galaxy Z Fold5,1799.99,512,12,752.6193423724444
samsung,Samsung Galaxy Z Fold5,1919.99,1000,12,788.9866235905058
samsung,Samsung Galaxy Z Fold5,1799.99,512,12,752.6193423724444
samsung,Samsung Galaxy Z Flip5,414.99,512,8,270.5771835892416
samsung,Samsung Galaxy Z Flip5,999.99,512,8,447.8676795272909
samsung,Samsung Galaxy Z Flip5,999.99,512,8,447.8676795272909
samsung,Samsung Galaxy A05,89.99,128,4,109.77934223224793
samsung,Samsung Galaxy A05,89.99,128,6,140.93090292795324
samsung,Samsung Galaxy A05s,99.99,128,4,112.8099490004197
samsung,Samsung Galaxy Tab S9 FE,349.99,256,8,250.87823959612498
samsung,Samsung Galaxy S23 FE,269.99,256,8,226.6333854507507
samsung,Samsung Galaxy S23 FE,599.99,256,8,326.6434088004196
samsung,Samsung Galaxy S23 FE,499.99,256,8,296.3373411187017
samsung,Samsung Galaxy A04e,83.0,32,4,107.66094810129584
samsung,Samsung Galaxy A32 5G,64.57,128,4,102.07553982755525
samsung,Samsung Galaxy A32 5G,365.99,128,6,224.5756497294945
samsung,Samsung Galaxy A02,78.0,32,3,90.56986436935729
samsung,Samsung Galaxy A02,119.99,32,4,118.87116253676328
samsung,Samsung Galaxy A02,149.99,32,3,112.38720249342597
samsung,Samsung Galaxy S21 5G,187.15,256,8,201.52783898321564
samsung,Samsung Galaxy S21+ 5G,203.07,256,8,206.3525649581451
samsung,Samsung Galaxy S21+ 5G,679.0,256,8,350.5882328757449
samsung,Samsung Galaxy S21+ 5G,899.99,256,8,417.5616118455731
samsung,Samsung Galaxy S21 Ultra 5G,255.45,256,12,284.5300046012396
samsung,Samsung Galaxy S21 Ultra 5G,342.64,512,12,310.9538650129293
samsung,Samsung Galaxy S21 Ultra 5G,1499.0,512,16,723.7042306486525
samsung,Samsung Galaxy A12,73.7,32,3,89.26670345904343
samsung,Samsung Galaxy A12,144.0,64,4,126.14764938714373
samsung,Samsung Galaxy A12,180.0,128,3,121.48205340470949
samsung,Samsung Galaxy A02s,66.43,32,2,71.48767199072988
samsung,Samsung Galaxy S20 Ultra 5G,231.74,256,12,277.3444359539043
samsung,Samsung Galaxy A51 5G,106.83,128,8,177.18600542125986
samsung,Samsung Galaxy A71 5G,151.08,128,8,190.59644037042003
samsung,Samsung Galaxy Note20 5G,224.95,256,8,212.98353256690498
samsung,Samsung Galaxy Note20 Ultra 5G,314.18,256,8,240.02563675930182
samsung,Samsung Galaxy Note20 Ultra 5G,650.0,256,12,404.1025946394574
samsung,Samsung Galaxy Note20 Ultra 5G,779.46,512,12,443.33682986020926
samsung,Samsung Galaxy Z Flip3 5G,244.95,256,8,219.04474610324857
samsung,Samsung Galaxy Z Flip3 5G,999.99,256,8,447.8676795272909
samsung,Samsung Galaxy Tab A7 Lite,124.99,32,3,104.8106855729965
samsung,Samsung Galaxy S20+ 5G,196.0,128,12,266.5130473644583
samsung,Samsung Galaxy S20+ 5G,270.0,256,12,288.9395374489295
samsung,Samsung Galaxy S20+ 5G,409.98,512,12,331.3619709897981
samsung,Samsung Galaxy A52,140.83,128,6,156.3385077373386
samsung,Samsung Galaxy A52,311.78,128,8,239.29829113494057
samsung,Samsung Galaxy A52 5G,139.7,128,8,187.14760986824052
samsung,Samsung Galaxy A32,249.99,128,4,158.26905052299648
samsung,Samsung Galaxy A32,160.24,128,6,162.22091547436005
samsung,Samsung Galaxy A72,789.99,128,8,384.22493739568347
samsung,Samsung Galaxy A72,789.99,256,6,353.0733766999781
samsung,Samsung Galaxy M12,192.5,32,4,140.84609221277688
samsung,Samsung Galaxy A12 Nacho,130.0,32,4,121.90479991170324
sony,Sony Xperia 1 VI,975.0,512,12,502.5973146050403
sony,Sony Xperia 5 V,749.0,256,8,371.80248025294736
sony,Sony Xperia 1 IV,639.95,512,12,401.05683483744474
sony,Sony Xperia 1 IV,1399.99,512,12,631.395071645573
sony,Sony Xperia 1 V,839.0,512,12,461.3810625579041
sony,Sony Xperia 10 V,329.99,128,8,244.8170260597814
sony,Sony Xperia 5 IV,629.95,256,8,335.72310667786223
sony,Sony Xperia 10 III,689.0,256,6,322.4672789482113
sony,Sony Xperia 5 III,550.0,256,8,311.4934055663289
sony,Sony Xperia 1 III,904.0,512,12,481.0800065510207
vivo,vivo X100 Pro,888.88,256,16,538.8008505089556
xiaomi,Xiaomi Redmi 12C,81.76,64,3,91.70937251418988
xiaomi,Xiaomi Redmi 12C,122.53,64,4,119.6409366558789
xiaomi,Xiaomi Redmi 12C,144.99,128,4,126.44767945719275
xiaomi,Xiaomi Redmi 13C 5G,209.99,128,6,177.29818414601468
xiaomi,Xiaomi 12 Pro,419.41,256,8,271.91671178077354
xiaomi,Xiaomi Redmi Note 12 Pro,220.0,128,8,211.48338221665998
xiaomi,Xiaomi Redmi Note 12 Pro,284.45,256,8,231.0156428375271
xiaomi,Xiaomi Redmi Note 12 Pro,209.5,256,12,270.6043665014903
xiaomi,Xiaomi Poco M5,169.99,128,4,134.02419637762222
xiaomi,Xiaomi Poco M5,164.99,128,6,163.66045368924165
xiaomi,Xiaomi Poco M5s,159.99,128,4,130.99358960945042
xiaomi,Xiaomi Poco M5s,179.99,128,6,168.20636384149932
xiaomi,Xiaomi Poco M4 5G,160.0,128,6,162.14818091192393
xiaomi,Xiaomi Redmi Note 12 4G,154.5,128,4,129.3297864937241
xiaomi,Xiaomi Redmi Note 12 4G,189.9,128,6,171.20969514875756
xiaomi,Xiaomi Redmi A2,59.5,64,2,69.38746150038682
xiaomi,Xiaomi 13 Lite,340.0,256,8,247.85066343472138
xiaomi,Xiaomi Poco X5 Pro,229.0,256,8,214.21092830801456
xiaomi,Xiaomi Poco X5,213.99,256,8,209.66198754898872
xiaomi,Xiaomi Redmi Note 12,159.99,128,6,162.14515030515574
xiaomi,Xiaomi Redmi Note 12,170.0,256,8,196.33034837580104
xiaomi,Xiaomi Redmi Note 12 Pro+,242.5,256,12,280.60536883645716
xiaomi,Xiaomi Redmi Note 12S,149.5,128,6,158.96604380534356
xiaomi,Xiaomi Poco X4 GT,199.99,256,8,205.41913807354823
xiaomi,Xiaomi Redmi Note 11S 5G,224.99,128,4,150.692533602567
xiaomi,Xiaomi Redmi Note 11 Pro+ 5G,199.0,128,8,205.1191080034992
xiaomi,Xiaomi Redmi Note 11 Pro+ 5G,229.0,256,8,214.21092830801456
xiaomi,Xiaomi Redmi 10 5G,138.73,128,4,124.5505196203172
xiaomi,Xiaomi Redmi 10 5G,152.41,128,6,159.84795037488152
xiaomi,Xiaomi 12,322.0,256,8,242.39557125201216
xiaomi,Xiaomi 12,374.3,256,12,320.54876604096125
xiaomi,Xiaomi Redmi 10C,84.99,64,4,108.26403884816203
xiaomi,Xiaomi Redmi 10C,129.99,128,4,121.90176930493507
xiaomi,Xiaomi Poco X4 Pro 5G,199.99,128,6,174.26757737784288
xiaomi,Xiaomi Poco X4 Pro 5G,230.0,128,8,214.51398898483174
xiaomi,Xiaomi Poco C40,104.0,64,4,114.0252223144566
xiaomi,Xiaomi Poco F6 Pro,469.99,512,12,349.54864220559705
xiaomi,Xiaomi Poco F6 Pro,481.49,1000,16,415.3369613804052
xiaomi,Xiaomi Poco F6,364.89,512,12,317.69696507211154
xiaomi,Xiaomi Redmi A3x,91.0,128,4,110.08543351583327
xiaomi,Xiaomi 14,849.5,512,12,464.5631996644844
xiaomi,Xiaomi 14 Ultra,1075.0,512,16,595.2065036781688
xiaomi,Xiaomi Redmi A3,84.5,128,4,108.11553911652162
xiaomi,Xiaomi Redmi A3,94.0,128,6,142.14617624199013
xiaomi,Xiaomi Redmi 13,159.0,256,8,192.99668093081206
xiaomi,Xiaomi Poco M6 4G,167.25,256,8,195.49693151455378
xiaomi,Xiaomi Redmi Note 13 Pro 4G,213.0,256,8,209.3619574789397
xiaomi,Xiaomi Redmi Note 13 Pro 4G,262.5,512,12,286.6665823728007
xiaomi,Xiaomi Poco F5 Pro,490.04,256,12,355.62500877578145
xiaomi,Xiaomi Poco F5 Pro,459.99,512,12,346.5180354374253
xiaomi,Xiaomi Redmi 12,139.99,128,8,187.23549746451752
xiaomi,Xiaomi Redmi 12,155.25,256,8,191.86020339274765
xiaomi,Xiaomi 13 Ultra,1349.0,512,12,615.942007734665
xiaomi,Xiaomi 13 Ultra,1178.0,512,16,626.4217533903383
xiaomi,Xiaomi Poco F5,300.0,256,12,298.0313577534449
xiaomi,Xiaomi Redmi Note 12 Pro 4G,269.99,128,8,226.6333854507507
xiaomi,Xiaomi Redmi Note 12 Pro 4G,144.99,256,8,188.7508008486034
xiaomi,Xiaomi 13T Pro,539.99,512,12,370.7628895827995
xiaomi,Xiaomi 13T Pro,1199.0,1000,16,632.786027603499
xiaomi,Xiaomi 13T,529.0,256,12,367.4322527445787
xiaomi,Xiaomi Redmi Note 13 Pro,275.7,512,12,290.6669833067874
xiaomi,Xiaomi Redmi Note 13 Pro+,329.05,512,12,306.83527041498394
xiaomi,Xiaomi Redmi Note 13 4G,133.7,128,8,185.32924580733746
xiaomi,Xiaomi Redmi Note 13 4G,169.99,256,8,196.32731776903287
xiaomi,Xiaomi Poco X6,242.99,256,12,280.7538685680976
xiaomi,Xiaomi Poco X6,252.99,512,12,283.78447533626934
xiaomi,Xiaomi Redmi Note 13,187.5,256,8,201.63391022010165
xiaomi,Xiaomi Redmi Note 13,212.5,256,12,271.51354853194175
xiaomi,Xiaomi Poco X6 Pro,282.5,256,12,292.7277959091442
xiaomi,Xiaomi Poco X6 Pro,321.99,512,12,304.69566203665465
xiaomi,Xiaomi Poco M6 Pro,187.5,512,12,263.93703161151234
xiaomi,Xiaomi Redmi 13C,119.0,128,6,149.7226931624196
xiaomi,Xiaomi Redmi 13C,132.27,256,8,184.8958690394889
xiaomi,Xiaomi Poco C65,137.16,256,8,186.3778357491249
xiaomi,Xiaomi Redmi 10 2022,139.99,128,4,124.93237607310685
xiaomi,Xiaomi Redmi 9C,119.99,32,3,103.29538218891061
xiaomi,Xiaomi Redmi 9C,118.79,64,3,102.93170937673
xiaomi,Xiaomi Redmi 9C,85.99,64,4,108.56709952497921
xiaomi,Xiaomi Redmi 9,146.65,64,4,126.95076018070927
xiaomi,Xiaomi Redmi 9,139.99,128,4,124.93237607310685
xiaomi,Xiaomi Poco M3,160.0,64,6,162.14818091192393
xiaomi,Xiaomi Poco M3,152.99,128,4,128.87216487173018
xiaomi,Xiaomi Poco F3,179.99,128,8,199.35792453720464
xiaomi,Xiaomi Mi 11 Lite,299.99,128,6,204.57364505956073
xiaomi,Xiaomi Mi 11 Lite 5G,249.99,128,6,189.4206112187018
xiaomi,Xiaomi Poco X3 Pro,290.0,128,8,232.69762959386244
xiaomi,Xiaomi Redmi Note 10S,161.0,128,4,131.29968089303577
xiaomi,Xiaomi Redmi Note 11 Pro,189.99,128,6,171.2369706096711
xiaomi,Xiaomi Redmi Note 11 Pro,228.0,128,8,213.90786763119738
xiaomi,Xiaomi Redmi Note 11 Pro 5G,189.99,128,4,140.08540991396578
xiaomi,Xiaomi Redmi Note 11 Pro 5G,160.0,128,6,162.14818091192393
xiaomi,Xiaomi Redmi Note 11 Pro 5G,170.0,128,8,196.33034837580104
xiaomi,Xiaomi Redmi Note 11,129.99,64,6,153.0533300006404
xiaomi,Xiaomi Redmi Note 11S,159.99,128,6,162.14515030515574
xiaomi,Xiaomi Redmi Note 11S,139.99,128,8,187.23549746451752
xiaomi,Xiaomi Redmi Note 11 4G,204.99,128,6,175.78288076192877
zte,ZTE nubia Red Magic 9S Pro,749.0,512,16,496.40872303576873
apple,Apple iPhone 16 Pro,1424.52,256,8,576.5260286564877
apple,Apple iPhone 16 Pro,1683.76,512,8,655.091478514573
apple,Apple iPhone 12 mini,252.11,128,4,158.9115391578489
apple,Apple iPhone 12 mini,293.59,256,4,171.48249603222544
apple,Apple iPhone 13 mini,382.38,256,4,198.3912535268227
apple,Apple iPhone 13 mini,436.81,512,4,214.88684616598175
apple,Apple iPhone XR,185.32,128,3,123.09433620537688
apple,Apple iPhone XR,174.99,256,3,119.96371941385543
apple,Apple iPhone XS Max,199.61,256,4,143.000853624947
apple,Apple iPhone XS Max,256.14,512,4,160.1328736854221
apple,Apple iPhone 12 Pro Max,492.52,256,6,262.92191716717207
apple,Apple iPhone 12 Pro Max,546.85,512,6,279.3872037386494
apple,Apple iPhone XS,190.87,256,4,140.35210330956488
apple,Apple iPhone XS,269.6,512,4,164.21207039538135
apple,Apple iPhone 11,249.18,128,4,158.02357137477455
apple,Apple iPhone 11,246.28,256,4,157.14469541200475
apple,Apple iPhone 11 Pro,269.99,256,4,164.33026405934004
apple,Apple iPhone 11 Pro,319.64,512,4,179.37722666331294
apple,Apple iPhone 11 Pro Max,329.23,256,4,182.28357855398968
apple,Apple iPhone 11 Pro Max,362.87,512,4,192.47853972211956
apple,Apple iPhone SE (2020),121.84,128,3,103.85604444102239
apple,Apple iPhone SE (2020),151.33,256,3,112.79330380036099
apple,Apple iPhone 12,316.27,128,4,178.35591218243906
apple,Apple iPhone 12,343.49,256,4,186.60522380540266
apple,Apple iPhone 12 Pro,419.76,256,6,240.87122232195418
apple,Apple iPhone 12 Pro,468.89,512,6,255.76059337398215
apple,Apple iPhone 14,582.75,256,6,290.2670820363861
apple,Apple iPhone 14,614.39,512,6,299.8559218508816
apple,Apple iPhone 14 Plus,505.52,256,6,266.8617059657954
apple,Apple iPhone 14 Plus,657.82,512,6,313.01784704505167
apple,Apple iPhone 14 Pro,712.17,256,6,329.48919483006534
apple,Apple iPhone 14 Pro,802.35,512,6,356.8192066654385
apple,Apple iPhone 14 Pro,890.71,1000,6,383.5976480690043
apple,Apple iPhone 14 Pro Max,810.09,256,6,359.1648963040034
apple,Apple iPhone 14 Pro Max,881.07,512,6,380.6761431444868
apple,Apple iPhone 14 Pro Max,998.07,1000,6,416.1342423320966
apple,Apple iPhone SE (2022),230.72,128,4,152.42907128072943
apple,Apple iPhone SE (2022),338.31,256,4,185.03536949948966
apple,Apple iPhone 15,740.78,256,6,338.1597607938048
apple,Apple iPhone 15,843.18,512,6,369.1931740998839
apple,Apple iPhone 15 Pro Max,1123.81,512,8,485.39265253079395
apple,Apple iPhone 15 Pro Max,1204.17,1000,8,509.7466085198224
apple,Apple iPhone 15 Plus,824.33,256,6,363.48048034188
apple,Apple iPhone 15 Plus,842.52,512,6,368.9931540531845
apple,Apple iPhone 15 Pro,931.97,256,8,427.2534922901865
apple,Apple iPhone 15 Pro,1022.05,512,8,454.5531980578779
apple,Apple iPhone 15 Pro,1246.85,1000,8,522.6812382063796
apple,Apple iPhone 16,1035.66,256,8,458.67785386935975
apple,Apple iPhone 16,1165.28,512,8,497.96057879840237
apple,Apple iPhone 16 Plus,1165.28,256,8,497.96057879840237
apple,Apple iPhone 16 Plus,1294.9,512,8,537.2433037274451
apple,Apple iPhone 13 Pro Max,640.32,256,6,307.7142852007511
apple,Apple iPhone 13 Pro Max,659.12,512,6,313.41182592491396
apple,Apple iPhone 13 Pro Max,803.58,1000,6,357.1919712979236
apple,Apple iPhone 13,451.08,256,4,219.21152202416286
apple,Apple iPhone 13,484.78,512,4,229.42466683290178
apple,Apple iPhone 13 Pro,550.17,256,6,280.39336518568234
apple,Apple iPhone 13 Pro,602.41,512,6,296.22525494261185
apple,Apple iPhone 13 Pro,681.08,1000,6,320.06703838781925
asus,Asus ROG Phone 5,1165.28,128,12,560.263700189813
asus,Asus Zenfone 8,716.07,128,8,361.8226921653577
asus,Asus Zenfone 9,1165.28,256,8,497.96057879840237
asus,Asus Zenfone 9,822.85,256,16,518.7897540187173
asus,Asus ROG Phone 7,1102.03,512,16,603.3982337725372
asus,Asus Zenfone 10,857.79,256,8,404.77245128388813
asus,Asus Zenfone 10,842.52,256,16,524.7509575317112
asus,Asus Zenfone 10,933.25,512,16,552.2476527393338
asus,Asus ROG Phone 8,1189.78,256,16,629.9918081632446
asus,Asus ROG Phone 8 Pro,891.14,1000,24,664.0920104213837
asus,Asus Zenfone 11 Ultra,1060.28,512,16,590.74545051542
asus,Asus ROG Phone 6,1096.59,128,12,539.446462299241
blackview,Blackview A96,276.61,256,12,290.94276852269104
google,Google Pixel 8,452.37,256,8,281.90559168866776
google,Google Pixel 4 XL,197.66,128,6,173.56144600085887
google,Google Pixel 4,125.73,128,6,151.7622915173992
google,Google Pixel 6,207.38,256,8,207.65875647522716
google,Google Pixel 9 Pro Fold,2267.05,512,16,956.4699834780864
google,Google Pixel 9,1035.66,256,12,520.9809752607704
google,Google Pixel 9 Pro,1294.9,256,16,661.8495465102665
google,Google Pixel 9 Pro,1424.52,512,16,701.1322714393091
google,Google Pixel 9 Pro,1580.07,1000,16,748.2733597182212
google,Google Pixel 9 Pro XL,1424.52,256,16,701.1322714393091
google,Google Pixel 9 Pro XL,1540.72,512,16,736.3479220854651
google,Google Pixel 9 Pro XL,1709.69,1000,16,787.5560846472638
google,Google Pixel 8 Pro,580.7,256,12,383.10048973602693
google,Google Pixel 8 Pro,750.5,512,12,434.5601926595838
google,Google Pixel 8a,395.34,256,8,264.62204128978397
google,Google Pixel Fold,946.21,512,12,493.8721977194738
google,Google Pixel 6 Pro,219.06,256,12,273.50162657186246
google,Google Pixel 6 Pro,335.7,512,12,308.8506239158181
google,Google Pixel 7 Pro,358.83,256,12,315.8604173705995
google,Google Pixel 7 Pro,421.2,512,12,334.76231178368687
google,Google Pixel 7,283.83,256,8,230.82774521790046
honor,Honor 70,355.56,256,8,252.56628756599665
honor,Honor Magic5 Lite,302.31,256,8,236.42830652548193
honor,Honor X7,127.66,128,6,152.34719862365637
honor,Honor Magic5 Pro,777.07,256,12,442.6125148426162
honor,Honor 90,335.72,512,12,308.85668512935456
honor,Honor X7a,181.46,128,6,168.65186303642056
honor,Honor X7b,167.21,256,6,164.33324839177578
honor,Honor 200,572.6,256,12,380.6456982538077
honor,Honor Magic V3,2189.28,512,12,870.5978332506038
honor,Honor Magic V2,1292.78,512,16,661.207057875414
honor,Honor Magic4 Pro,440.7,512,12,340.6719949816219
huawei,Huawei P30,187.29,128,6,170.4187067822647
huawei,Huawei nova 9,609.21,256,8,329.43762824067403
huawei,Huawei nova 8i,255.56,128,8,222.26021988427883
huawei,Huawei Mate 50 Pro,745.32,512,8,370.6872169622601
huawei,Huawei P50 Pro,581.99,256,8,321.18831661771037
huawei,Huawei Pura 70 Pro,1365.27,512,12,620.8728049464805
motorola,Motorola Moto G23,150.35,128,8,190.37520607634346
motorola,Motorola Moto G53,141.29,128,4,125.32635495296918
motorola,Motorola Moto G53,167.21,128,6,164.33324839177578
motorola,Motorola Edge 20 Pro,531.44,128,8,305.86859940460204
motorola,Motorola Edge 20,199.61,256,8,205.3039750163577
motorola,Motorola Moto G30,136.1,128,4,123.75347004028802
motorola,Motorola Moto G71 5G,517.18,128,6,270.3953934574837
motorola,Motorola Moto G31,116.65,128,4,117.85893987619392
motorola,Motorola ThinkPhone,815.18,256,8,391.85903584470816
motorola,Motorola Moto G72,194.42,128,8,203.73109010367654
motorola,Motorola Moto G72,426.45,256,8,274.0502589455664
motorola,Motorola Edge 30 Ultra,1160.1,256,8,496.3907244924893
motorola,Motorola Edge 30 Fusion,374.6,256,8,258.33656285259576
motorola,Motorola Moto G13,145.16,128,4,126.49919977225166
motorola,Motorola Moto G42,304.1,128,4,174.667663745574
motorola,Motorola Edge 30 Neo,464.69,128,8,285.6392992270553
motorola,Motorola Moto G22,88.52,128,4,109.33384303732667
motorola,Motorola Moto G32,116.59,128,4,117.84075623558488
motorola,Motorola Moto G32,168.38,128,6,164.68782938365186
motorola,Motorola Moto G32,116.65,256,8,180.16206126760457
motorola,Motorola Moto G73,192.81,256,8,203.24316241400086
motorola,Motorola Edge 40 Neo,316.77,256,12,303.11368530366894
motorola,Motorola Moto G14,88.78,256,8,171.7157602047098
motorola,Motorola Moto G54,180.17,256,8,199.41247545903173
motorola,Motorola Razr 40 Ultra,627.36,256,12,397.2413009163164
motorola,Motorola Razr 40,549.59,256,8,311.36915068883377
motorola,Motorola Edge 40,329.13,256,8,244.55639387771865
motorola,Motorola Edge 40 Pro,1676.84,512,12,715.2974200224088
motorola,Motorola Moto G55,259.23,256,8,223.37245256819787
motorola,Motorola Edge 50 Neo,518.47,512,12,364.2410238176939
motorola,Motorola Razr 50 Ultra,1042.38,256,12,523.0175430089819
motorola,Motorola Razr 50,714.75,512,12,423.7257734633696
motorola,Motorola Moto G85,302.7,256,12,298.84962158085125
motorola,Motorola Edge 50 Ultra,1014.5,512,16,576.8713327307296
motorola,Motorola Edge 50 Fusion,282.77,256,8,230.50650090047424
motorola,Motorola Edge 50 Pro,635.13,256,12,399.5960823751859
motorola,Motorola Moto G04s,175.51,128,4,135.69709131365303
nokia,Nokia X20,257.94,128,8,222.9815042951037
nokia,Nokia G42,168.48,128,6,164.71813545133358
nokia,Nokia C32,98.51,64,4,112.36141919873029
nokia,Nokia C32,96.55,128,4,111.76742027216862
nokia,Nokia X30,229.43,256,8,214.34124439904596
nokia,Nokia G60,154.25,128,4,129.2540213245198
nokia,Nokia G60,165.77,128,6,163.89684101715903
nokia,Nokia G22,110.14,128,4,115.88601487011408
nokia,Nokia XR20,265.71,128,6,194.18472505826784
nokia,Nokia G10,73.88,32,4,104.89703472872318
nokia,Nokia G11,85.81,64,4,108.51254860315213
nokia,Nokia C21 Plus,102.4,32,3,97.96454488369645
nokia,Nokia G21,90.73,64,4,110.00360713309264
nothing,Nothing CMF Phone 1,270.91,128,8,226.9122012734225
nothing,Nothing Phone (2a) Plus,515.87,256,12,363.4530660579692
nothing,Nothing Phone (2a),385.35,256,12,323.89758651979105
nothing,Nothing Phone (1),251.61,256,8,221.06313021085097
nothing,Nothing Phone (1),374.6,256,12,320.6396842440064
nothing,Nothing Phone (2),741.43,256,12,431.81143232085196
nothing,Nothing Phone (2),645.82,512,12,402.8358010103616
oneplus,OnePlus Nord 4,556.07,512,16,437.9392266574305
oneplus,OnePlus Nord 2T,278.67,256,12,291.56707351693444
oneplus,OnePlus 10 Pro,435.56,256,8,276.81114171137096
oneplus,OnePlus 10 Pro,863.11,256,12,468.6878554759662
oneplus,OnePlus Nord CE 2 5G,193.13,128,8,203.34014183058238
oneplus,OnePlus Nord CE 2 Lite 5G,193.13,128,8,203.34014183058238
oneplus,OnePlus 7T,159.43,256,8,193.12699702184347
oneplus,OnePlus Nord 2 5G,241.09,128,8,217.87493189073425
oneplus,OnePlus Nord 2 5G,480.2,256,12,352.6428917159004
oneplus,OnePlus Nord CE 5G,362.61,128,8,254.70286533755777
oneplus,OnePlus 8T,311.02,256,12,301.37108641197017
oneplus,OnePlus 12R,644.21,256,16,464.6509947120966
oneplus,OnePlus 12,970.85,512,16,563.6427341876597
oneplus,OnePlus Nord,159.43,128,8,193.12699702184347
oneplus,OnePlus Nord,254.04,256,12,284.10268904692737
oneplus,OnePlus Nord 3,543.11,256,16,434.0115602858798
oneplus,OnePlus 10T,269.91,256,12,288.912261988016
oneplus,OnePlus 10T,734.76,256,16,492.0931389978921
oneplus,OnePlus 11,590.65,256,12,386.1159434703578
oneplus,OnePlus 11,744.47,256,16,495.0358581697868
oneplus,OnePlus 8 Pro,272.2,256,12,289.6062709379273
oneplus,OnePlus Nord CE 3 Lite,219.06,256,8,211.1985051804518
oneplus,OnePlus 9,375.83,256,12,321.0124488764915
oneplus,OnePlus 9 Pro,291.63,256,8,233.19161849707444
oneplus,OnePlus 9 Pro,414.78,256,12,332.8166622385206
oppo,Oppo A16,129.61,64,4,121.78660624774454
oppo,Oppo A16,129.61,256,4,121.78660624774454
oppo,Oppo A55,142.71,128,4,125.75670111404958
oppo,Oppo A54s,155.4,128,8,191.90566249427022
oppo,Oppo A54 5G,129.62,128,4,121.78963685451271
oppo,Oppo Reno12 Pro,661.05,512,12,407.4514151182872
oppo,Oppo A57 4G,110.18,64,4,115.89813729718676
oppo,Oppo A77,142.58,128,6,156.86886392176868
oppo,Oppo Reno8,244.98,256,8,219.05383792355306
oppo,Oppo Reno8 Pro,402.86,256,12,329.20417897085986
oppo,Oppo Find X5,167.14,256,8,195.4635948401039
oppo,Oppo A96,258.27,128,8,223.08151431845337
oppo,Oppo Find X5 Pro,291.64,256,12,295.49777049525323
oppo,Oppo Reno7,246.27,256,8,219.44478619664724
oppo,Oppo Find N2 Flip,518.48,512,16,426.5471758158727
oppo,Oppo Reno11,330.53,256,12,307.2838002166733
oppo,Oppo Find X3 Pro,282.57,256,12,292.7490101565214
oppo,Oppo A53,150.36,128,4,128.075115291701
oppo,Oppo Reno10,305.89,256,8,237.5132637484874
oppo,Oppo Find X3 Neo,208.69,256,12,270.3588873532683
oppo,Oppo Reno5 5G,348.68,256,12,312.78435150090513
realme,Realme C67,153.34,128,6,160.1297968043215
realme,Realme 9 Pro,324.59,128,8,243.18049840496863
realme,Realme 12+,586.83,256,8,322.6551302935055
realme,Realme C65,164.28,128,8,194.59684130440678
realme,Realme 12 Pro+,480.53,256,8,290.4397803478395
realme,Realme Note 50,98.56,128,4,112.37657223257115
realme,8,417.51,512,12,333.6440178862315
realme,Realme Narzo 50A Prime,89.09,128,4,109.50658762311247
realme,Realme C31,128.57,64,4,121.47142314385468
realme,Realme 9 Pro+,245.38,128,8,219.17506219427995
realme,Realme 9i,314.72,128,4,177.88616813337245
realme,Realme 9i,269.61,128,6,195.36666169785485
realme,Realme C35,168.49,64,6,164.72116605810177
realme,Realme GT2 Pro,552.53,256,12,374.563270470087
realme,Realme GT Neo2,571.96,256,8,318.14861802923406
realme,Realme GT 5G,412.37,256,12,332.0862860073912
realme,Realme 11 Pro,220.41,256,8,211.607637094155
realme,Realme C53,201.38,256,8,205.8403924143241
samsung,Samsung Galaxy A51,132.15,128,4,122.55638036686017
samsung,Samsung Galaxy S20 FE 5G,194.42,128,8,203.73109010367654
samsung,Samsung Galaxy A42 5G,179.51,128,6,168.06089471662708
samsung,Samsung Galaxy S22 5G,300.45,256,8,235.86461366660197
samsung,Samsung Galaxy S21 FE 5G,191.84,128,8,202.9491935574882
samsung,Samsung Galaxy S21 FE 5G,257.94,256,8,222.9815042951037
samsung,Samsung Galaxy A03,117.95,32,4,118.25291875605623
samsung,Samsung Galaxy A03,129.61,64,4,121.78660624774454
samsung,Samsung Galaxy S9+,972.14,64,6,408.27587898222714
samsung,Samsung Galaxy Note10+,412.19,512,12,332.03173508556415
samsung,Samsung Galaxy A71,162.01,128,8,193.90889356803177
samsung,Samsung Galaxy S20 5G,239.78,128,12,279.7810437955144
samsung,Samsung Galaxy S10e,159.43,128,8,193.12699702184347
samsung,Samsung Galaxy S9,127.66,128,4,121.19563792795104
samsung,Samsung Galaxy S9,401.81,256,4,204.2797224773805
samsung,Samsung Galaxy S10,174.99,512,8,197.84262115311876
samsung,Samsung Galaxy S10+,362.94,128,8,254.80287536090745
samsung,Samsung Galaxy S10+,387.56,512,8,262.26422922414633
samsung,Samsung Galaxy M52 5G,281.28,128,8,230.05494049201664
samsung,Samsung Galaxy A03s,103.03,32,3,98.15547311009126
samsung,Samsung Galaxy A03s,167.2,32,4,133.17865708930228
samsung,Samsung Galaxy S22+ 5G,278.67,256,8,229.26395212552382
samsung,Samsung Galaxy A23,246.27,64,6,188.2932255009419
samsung,Samsung Galaxy S22 Ultra 5G,414.72,256,12,332.79847859791164
samsung,Samsung Galaxy S22 Ultra 5G,531.44,512,12,368.17172079601266
samsung,Samsung Galaxy S22 Ultra 5G,576.81,1000,12,381.92158370320806
samsung,Samsung Galaxy A13,180.17,32,4,137.10935406762107
samsung,Samsung Galaxy A13,102.33,64,4,113.5191109841719
samsung,Samsung Galaxy A13,212.58,128,4,146.93155060326583
samsung,Samsung Galaxy M33,485.97,128,8,292.0884304297249
samsung,Samsung Galaxy A53 5G,232.02,128,6,183.97461085629712
samsung,Samsung Galaxy A53 5G,285.15,128,8,231.22778531129913
samsung,Samsung Galaxy A33 5G,285.1,128,6,200.06107158175294
samsung,Samsung Galaxy A13 5G,149.05,128,4,127.67810580507049
samsung,Samsung Galaxy M13,168.49,128,4,133.56960536239643
samsung,Samsung Galaxy A13 (SM-A137),216.71,32,4,148.18319119852077
samsung,Samsung Galaxy A23 5G,233.3,64,6,184.3625285226231
samsung,Samsung Galaxy A23 5G,187.95,128,4,139.46716613325873
samsung,Samsung Galaxy Z Flip4,300.72,256,8,235.9464400493426
samsung,Samsung Galaxy Z Flip4,330.53,512,8,244.9806788252627
samsung,Samsung Galaxy Z Fold4,646.8,512,12,403.1328004736423
samsung,Samsung Galaxy Z Fold4,725.87,1000,12,427.0958081895767
samsung,Samsung Galaxy M53,416.66,128,8,271.0832949195262
samsung,Samsung Galaxy Z Fold3 5G,490.94,512,12,355.89776338491697
samsung,Samsung Galaxy A52s 5G,167.21,128,6,164.33324839177578
samsung,Samsung Galaxy A04s,99.81,32,4,112.75539807859262
samsung,Samsung Galaxy A04s,102.32,64,4,113.51608037740374
samsung,Samsung Galaxy A15,158.12,128,6,161.5784268395076
samsung,Samsung Galaxy A15,189.23,128,8,202.15820519099537
samsung,Samsung Galaxy S24 Ultra,998.04,512,12,509.57983259890807
samsung,Samsung Galaxy S24 Ultra,1178.25,1000,12,564.1943971681318
samsung,Samsung Galaxy S24+,944.86,512,12,493.4630658057706
samsung,Samsung Galaxy A35,222.95,128,8,212.37741121327062
samsung,Samsung Galaxy A35,272.19,256,8,227.3001189397485
samsung,Samsung Galaxy A55,329.23,256,8,244.58669994540034
samsung,Samsung Galaxy A55,622.21,256,12,395.680538430708
samsung,Samsung Galaxy M55,368.81,256,8,256.5818415338243
samsung,Samsung Galaxy S24,667.53,256,8,347.1121269126518
samsung,Samsung Galaxy S24,777.71,512,8,380.5033522843686
samsung,Samsung Galaxy Z Flip6,939.74,512,12,491.91139514046665
samsung,Samsung Galaxy M15,174.97,128,6,166.6849992438771
samsung,Samsung Galaxy Z Fold6,1814.67,512,12,757.0682731081206
samsung,Samsung Galaxy Z Fold6,2020.78,1000,12,819.5321092069091
samsung,Samsung Galaxy S24 FE,841.23,256,8,399.7537664757957
samsung,Samsung Galaxy S24 FE,906.04,512,8,419.395128940317
samsung,Samsung Galaxy A25,187.94,256,8,201.76725691790122
samsung,Samsung Galaxy A15 5G,193.26,128,6,172.22797902286328
samsung,Samsung Galaxy A14,115.36,128,4,117.46799160309973
samsung,Samsung Galaxy A14,141.93,128,6,156.6718744818375
samsung,Samsung Galaxy S23,407.64,256,8,268.3496876146353
samsung,Samsung Galaxy S23,479.58,512,8,290.1518727048631
samsung,Samsung Galaxy A14 5G,119.25,128,4,118.64689763591858
samsung,Samsung Galaxy A14 5G,173.68,128,6,166.29405097078293
samsung,Samsung Galaxy A14 5G,173.69,128,8,197.4486422732564
samsung,Samsung Galaxy S23+,547.0,512,8,310.5842235358773
samsung,Samsung Galaxy A34,206.1,128,8,207.27083880890117
samsung,Samsung Galaxy A34,261.82,256,8,224.15737972115434
samsung,Samsung Galaxy S23 Ultra,829.5,256,12,458.50198612814086
samsung,Samsung Galaxy S23 Ultra,1296.19,512,12,599.9373733919499
samsung,Samsung Galaxy S23 Ultra,884.7,1000,12,475.2309354884492
samsung,Samsung Galaxy A54,230.53,128,8,214.67461114354487
samsung,Samsung Galaxy A54,276.09,256,8,228.48205557933548
samsung,Samsung Galaxy Z Fold5,887.88,512,12,476.1946684407277
samsung,Samsung Galaxy Z Fold5,880.12,1000,12,473.8429175886264
samsung,Samsung Galaxy Z Flip5,552.83,512,8,312.3510672817215
samsung,Samsung Galaxy A05,109.27,128,6,146.77391277698845
samsung,Samsung Galaxy A05s,122.36,128,4,119.58941634082
samsung,Samsung Galaxy A05s,129.62,128,6,152.94119755021805
samsung,Samsung Galaxy S23 FE,427.68,256,8,274.4230235780516
samsung,Samsung Galaxy A04e,98.5,32,4,112.35838859196211
samsung,Samsung Galaxy A32 5G,136.1,128,4,123.75347004028802
samsung,Samsung Galaxy A32 5G,200.91,128,6,174.5463932005147
samsung,Samsung Galaxy A32 5G,246.27,128,8,219.44478619664724
samsung,Samsung Galaxy A02,127.03,32,3,105.42892935370355
samsung,Samsung Galaxy S21 5G,246.28,256,8,219.4478168034154
samsung,Samsung Galaxy S21+ 5G,233.25,256,8,215.49893618448758
samsung,Samsung Galaxy S21 Ultra 5G,361.6,256,12,316.69989544538305
samsung,Samsung Galaxy S21 Ultra 5G,330.52,512,12,307.2807696099052
samsung,Samsung Galaxy A12,103.68,32,3,98.35246255002244
samsung,Samsung Galaxy A12,95.92,64,4,111.57649204577379
samsung,Samsung Galaxy A12,155.54,128,3,114.06918924976131
samsung,Samsung Galaxy A02s,116.66,32,2,86.71040978725674
samsung,Samsung Galaxy S20 Ultra 5G,306.58,256,12,300.0254970069019
samsung,Samsung Galaxy A31,181.46,128,4,137.50030234071522
samsung,Samsung Galaxy A31,245.62,128,6,188.09623606101073
samsung,Samsung Galaxy A51 5G,155.48,128,8,191.9299073484156
samsung,Samsung Galaxy M11,224.24,64,4,150.46523809495415
samsung,Samsung Galaxy A71 5G,154.25,128,8,191.55714271593047
samsung,Samsung Galaxy Note20 5G,907.33,256,8,419.7860772134112
samsung,Samsung Galaxy Note20 Ultra 5G,432.93,256,8,276.0140921313417
samsung,Samsung Galaxy Z Flip3 5G,312.38,256,8,239.4801275410309
samsung,Samsung Galaxy S20+ 5G,491.26,128,12,355.99474280149843
samsung,Samsung Galaxy A22,194.42,128,4,141.42796871226585
samsung,Samsung Galaxy A52,185.36,128,6,169.83379967600757
samsung,Samsung Galaxy A52,178.88,128,8,199.02152718593757
samsung,Samsung Galaxy A52,648.09,256,6,310.0690666596205
samsung,Samsung Galaxy A52 5G,298.11,128,8,235.15545168284976
samsung,Samsung Galaxy A32,136.1,128,4,123.75347004028802
samsung,Samsung Galaxy A72,289.05,128,8,232.4097219508861
samsung,Samsung Galaxy A72,602.73,256,6,296.3222343591933
samsung,Samsung Galaxy M32,581.99,128,6,290.036755922005
samsung,Samsung Galaxy M12,155.53,32,4,129.6419389908458
samsung,Samsung Galaxy M12,426.45,64,4,211.74713755415576
samsung,Samsung Galaxy A12 Nacho,181.46,32,4,137.50030234071522
sony,Sony Xperia 1 VI,1372.68,512,12,623.1184845616958
sony,Sony Xperia 1 IV,877.53,512,12,473.0579904356699
sony,Sony Xperia 1 V,1043.44,512,12,523.338787326408
sony,Sony Xperia 5 IV,711.61,256,8,360.471041546753
sony,Sony Xperia 10 III,283.87,256,6,199.6883069492678
sony,Sony Xperia 5 III,326.51,256,8,243.76237490445763
sony,Sony Xperia 1 III,427.68,512,12,336.7261449694622
tcl,TCL 40 SE,90.72,256,6,141.1521372220298
tcl,TCL 50 SE,212.42,256,6,178.03462159068042
xiaomi,Xiaomi Redmi 12C,79.7,64,3,91.08506751994649
xiaomi,Xiaomi Redmi 13C 5G,158.95,128,6,161.82996720126587
xiaomi,Xiaomi 12 Pro,453.67,256,8,282.29957056853004
xiaomi,Xiaomi Redmi Note 12 Pro,259.24,128,8,223.37548317496604
xiaomi,Xiaomi Redmi Note 12 Pro,369.18,256,8,256.69397398424667
xiaomi,Xiaomi Redmi A1+,99.39,32,3,97.05233224647674
xiaomi,Xiaomi Poco M5,183.22,128,4,138.03368913191346
xiaomi,Xiaomi Poco M5s,168.51,128,4,133.57566657593276
xiaomi,Xiaomi Poco M5s,180.3,128,6,168.30031265131265
xiaomi,Xiaomi 12T,413.49,256,8,270.1225925740158
xiaomi,Xiaomi Redmi Note 12 4G,125.77,128,4,120.62285324876657
xiaomi,Xiaomi Redmi Note 12 4G,150.96,128,6,159.40851239349664
xiaomi,Xiaomi Redmi A2+,63.51,32,3,86.17851516227638
xiaomi,Xiaomi Redmi A2,71.28,64,3,88.53329662114585
xiaomi,Xiaomi 13 Lite,443.84,256,8,279.3204841154171
xiaomi,Xiaomi 13 Pro,989.84,256,8,444.7916136575966
xiaomi,Xiaomi Poco X5 Pro,373.79,256,8,258.09108370437383
xiaomi,Xiaomi Redmi Note 12,168.51,128,6,164.7272272716381
xiaomi,Xiaomi Redmi Note 12 Pro+,311.37,256,12,301.4771576488562
xiaomi,Xiaomi Redmi Note 12S,223.61,128,6,181.42587056426464
xiaomi,Xiaomi Redmi Note 11S 5G,159.59,128,4,130.87236533872354
xiaomi,Xiaomi Redmi Note 11S 5G,159.29,128,6,161.93300783138372
xiaomi,Xiaomi Redmi 10 5G,157.77,128,4,130.3207949069163
xiaomi,Xiaomi 12,329.55,256,8,244.68367936198186
xiaomi,Xiaomi 12,357.73,256,12,315.5270506261006
xiaomi,Xiaomi 12X,548.44,256,8,311.0206309104941
xiaomi,Xiaomi Poco X4 Pro 5G,434.21,128,6,245.2504491019624
xiaomi,Xiaomi Poco M4 Pro,227.53,128,6,182.61386841738798
xiaomi,Xiaomi Poco F4,305.86,128,8,237.5041719281829
xiaomi,Xiaomi Poco C40,189.15,64,4,139.83083894543933
xiaomi,Xiaomi Poco F4 GT,518.47,256,12,364.2410238176939
xiaomi,Xiaomi Poco F6 Pro,501.43,512,12,359.07686988472915
xiaomi,Xiaomi Poco F6 Pro,533.63,1000,16,431.138545069653
xiaomi,Xiaomi Poco F6,361.68,512,12,316.7241402995285
xiaomi,Xiaomi 14,973.28,512,12,502.0760502409148
xiaomi,Xiaomi 14 Ultra,1340.1,512,16,675.5478891024028
xiaomi,Xiaomi Redmi 13,142.57,256,8,188.01739401070583
xiaomi,Xiaomi Poco M6 4G,147.43,256,8,189.4902689000373
xiaomi,Xiaomi 14T,938.6,512,12,491.565905968895
xiaomi,Xiaomi 14T Pro,906.04,512,12,481.69825033172765
xiaomi,Xiaomi Redmi 14C,270.8,128,6,195.72730390326728
xiaomi,Xiaomi Redmi Note 13 Pro 4G,327.94,256,8,244.1957516723062
xiaomi,Xiaomi Redmi Note 13 Pro 4G,318.87,512,12,303.750112724985
xiaomi,Xiaomi Poco F5 Pro,504.22,256,12,359.9224091730491
xiaomi,Xiaomi Redmi 12,126.9,128,8,183.26843320498065
xiaomi,Xiaomi Poco F5,461.42,256,12,346.95141220527387
xiaomi,Xiaomi Redmi Note 12 Pro 4G,343.7,128,8,248.97198793894492
xiaomi,Xiaomi 13T Pro,641.62,512,12,401.56294616772936
xiaomi,Xiaomi 13T,545.69,256,12,372.4903354406574
xiaomi,Xiaomi Redmi Note 13 Pro,330.52,512,12,307.2807696099052
xiaomi,Xiaomi Redmi Note 13 Pro+,541.75,512,8,308.99315498258716
xiaomi,Xiaomi Redmi Note 13 Pro+,581.99,512,12,383.491438009121
xiaomi,Xiaomi Redmi Note 13 4G,177.58,256,8,198.62754830607525
xiaomi,Xiaomi Poco X6,365.52,256,12,317.88789329850647
xiaomi,Xiaomi Poco X6,824.38,512,12,456.9503154628369
xiaomi,Xiaomi Redmi Note 13,174.99,256,8,197.84262115311876
xiaomi,Xiaomi Redmi Note 13,326.2,256,12,305.971547486055
xiaomi,Xiaomi Poco X6 Pro,333.46,256,12,308.17176799974766
xiaomi,Xiaomi Poco X6 Pro,387.56,512,12,324.5673506155571
xiaomi,Xiaomi Poco M6 Pro,232.02,512,12,277.4292929434131
xiaomi,Xiaomi Redmi 13C,141.53,128,6,156.55065021111062
xiaomi,Xiaomi Redmi 13C,170.79,256,8,196.5697663104866
xiaomi,Xiaomi Poco C65,129.41,256,8,184.02911550379176
xiaomi,Xiaomi Redmi 10 2022,111.33,128,4,116.24665707552651
xiaomi,Xiaomi Redmi 10 2022,112.73,128,6,147.8225027187759
xiaomi,Xiaomi Mi Note 10 Lite,311.08,128,6,207.93458796546324
xiaomi,Xiaomi Redmi Note 9,168.49,64,4,133.56960536239643
xiaomi,Xiaomi Redmi Note 9,362.94,128,4,192.49975396949677
xiaomi,Xiaomi Redmi Note 9S,128.69,128,4,121.50779042507273
xiaomi,Xiaomi Redmi Note 9S,447.19,128,6,249.1841766870494
xiaomi,Xiaomi Mi 10 5G,332.45,256,6,214.41099462904634
xiaomi,Xiaomi Mi 10 5G,389.35,256,8,262.80670783564915
xiaomi,Xiaomi Poco F2 Pro,487.49,256,8,292.549082658487
xiaomi,Xiaomi Redmi 9C,84.24,32,3,92.46096299269648
xiaomi,Xiaomi Redmi 9C,101.09,64,3,97.56753539706594
xiaomi,Xiaomi Redmi 9C,163.27,64,4,131.98762862941078
xiaomi,Xiaomi Redmi Note 9 Pro,181.47,128,6,168.65489364318873
xiaomi,Xiaomi Redmi 9A,101.74,32,3,97.76452483699711
xiaomi,Xiaomi Redmi 9,254.86,64,4,159.74495601909612
xiaomi,Xiaomi Redmi 9,139.08,128,4,124.65659085720321
xiaomi,Xiaomi Redmi Note 9T,150.24,128,4,128.03874801048292
xiaomi,Xiaomi Redmi Note 9T,452.37,128,6,250.75403099296238
xiaomi,Xiaomi Poco M3,129.61,64,6,152.93816694344986
xiaomi,Xiaomi Mi 10T Pro 5G,320.2,256,8,241.85006203374124
xiaomi,Xiaomi Redmi 9T,116.65,128,4,117.85893987619392
xiaomi,Xiaomi Mi 11 Lite 5G,281.68,128,6,199.02460406703818
xiaomi,Xiaomi Mi 11 Lite 5G,174.97,128,8,197.83655993958243
xiaomi,Xiaomi Poco X3 Pro,349.83,128,8,250.82974988783423
xiaomi,Xiaomi Redmi Note 10 Pro,224.54,128,6,181.70771699370462
xiaomi,Xiaomi Redmi Note 10 Pro,159.98,128,8,193.2936803940929
xiaomi,Xiaomi Redmi Note 10 Pro,281.94,256,8,230.254960538716
xiaomi,Xiaomi Redmi Note 10 5G,217.76,128,4,148.5014049091788
xiaomi,Xiaomi Redmi Note 10 5G,139.99,128,6,156.08393676881218
xiaomi,Xiaomi Redmi Note 10S,184.22,128,4,138.33674980873064
xiaomi,Xiaomi Redmi Note 10S,174.97,128,6,166.6849992438771
xiaomi,Xiaomi Mi 11,324.05,128,8,243.01684563948737
xiaomi,Xiaomi Redmi Note 11 Pro,177.22,128,6,167.36688576671574
xiaomi,Xiaomi Redmi Note 11 Pro,243.52,128,8,218.61136933539998
xiaomi,Xiaomi Redmi Note 11 Pro 5G,180.83,128,4,137.3093741143204
xiaomi,Xiaomi Redmi Note 11 Pro 5G,219.06,128,6,180.04694448474646
xiaomi,Xiaomi Redmi Note 11 Pro 5G,280.07,128,8,229.68823707306788
xiaomi,Xiaomi Redmi Note 11,146.83,64,6,158.1568717982417
xiaomi,Xiaomi Redmi Note 11,143.88,128,4,126.11128210592567
xiaomi,Xiaomi Redmi Note 11,174.7,128,6,166.60317286113644
xiaomi,Xiaomi Redmi Note 11S,152.73,128,6,159.94492979146304
xiaomi,Xiaomi Redmi Note 11S,185.62,128,8,201.06415614768537
xiaomi,Xiaomi Redmi Note 11 4G,155.54,128,6,160.7965302933193
xiaomi,Xiaomi Poco M4 Pro 5G,193.42,64,6,172.276468731154
xiaomi,Xiaomi Poco M4 Pro 5G,316.27,128,6,209.50747287814437
xiaomi,Xiaomi Mi 11 Pro,330.4,256,8,244.94128093727645
xiaomi,Xiaomi Redmi 10,116.65,128,4,117.85893987619392
xiaomi,Xiaomi Redmi 10,129.61,128,6,152.93816694344986
xiaomi,Xiaomi 11T Pro,259.23,256,8,223.37245256819787
xiaomi,Xiaomi 11T Pro,207.38,256,12,269.9618778666378
xiaomi,Xiaomi 11 Lite 5G NE,556.07,128,8,313.3329838746091
xiaomi,Xiaomi 11 Lite 5G NE,174.97,256,8,197.83655993958243
xiaomi,Xiaomi 11T,190.53,256,8,202.5521840708577
zte,ZTE nubia Flip,579.39,256,8,320.4003588579857
zte,ZTE nubia Z60 Ultra,758.26,256,12,436.9119435116851
zte,ZTE nubia Red Magic 9 Pro,841.23,512,16,524.3600092586171
zte,ZTE nubia Z50S Pro,676.62,1000,12,412.17006985633066
zte,ZTE nubia Red Magic 9S Pro,854.2,512,16,528.2907062369359
zte,ZTE Axon 40 Ultra,1165.28,256,8,497.96057879840237
blackview,Blackview A96,146.43,256,12,251.4903296146308
cubot,Cubot KingKong X,208.79,512,16,332.6923148123607
honor,Honor Magic5 Pro,759.0,256,12,437.13620841252975
honor,Honor X8a,175.0,128,8,197.84565175988692
honor,Honor X8b,177.9,256,6,167.5729670269514
honor,Honor X8b,179.1,256,8,199.08820053483734
honor,Honor Magic V3,1459.0,512,16,711.5818035759654
huawei,Huawei P30,139.52,128,6,155.94149825070812
huawei,Huawei Mate 50 Pro,486.39,512,8,292.2157159139881
huawei,Huawei Pura 70,806.99,512,12,451.68009029298616
huawei,Huawei nova 11,310.4,256,8,238.88006740093286
huawei,Huawei Pura 70 Ultra,1440.0,1000,16,705.8236507164389
huawei,Huawei Pura 70 Pro,1300.0,512,12,601.0920345706234
huawei,Huawei Pura 70 Pro,899.99,1000,12,479.86473323698374
infinix,Infinix Hot 12 Play,92.5,128,4,110.54002453105905
infinix,Infinix Hot 12 Play,102.13,128,6,144.6100595445138
nokia,Nokia G42,142.57,128,6,156.8658333150005
nokia,Nokia X30,279.89,256,8,229.63368615124077
nokia,Nokia C31,115.09,32,4,117.3861652203591
nokia,Nokia G60,291.4,128,4,170.81879314999583
nokia,Nokia XR20,241.3,128,6,186.78701393716054
nokia,Nokia G21,162.0,64,4,131.60274156985295
oppo,Oppo Find X3 Pro,239.51,256,12,279.6992174127738
realme,Realme C61,121.27,256,6,150.4106408987946
realme,Realme 12x,162.05,256,8,193.92101599510445
realme,Realme C35,134.53,64,6,154.42922547339037
realme,Realme GT 5G,220.8,256,12,274.02895214952434
realme,Realme C53,122.63,256,8,181.97436411497128
vivo,vivo Y50,69.3,128,8,165.81213822031117
vivo,vivo iQOO 12,649.59,512,16,466.281461153373
vivo,vivo iQOO 12,596.99,1000,16,450.3404695527894
vivo,vivo X100 Pro,759.99,256,16,499.73935987398943
vivo,vivo X100,584.79,256,16,446.6431292956198
vivo,vivo X100,591.99,512,16,448.8251661687035
xiaomi,Xiaomi Poco M3 Pro 5G,251.73,128,6,189.94793679636368
xiaomi,Xiaomi Redmi 12C,84.0,64,3,92.38822843026037
xiaomi,Xiaomi 12 Pro,399.0,256,8,265.7312433669349
xiaomi,Xiaomi Poco M5s,137.36,128,4,124.13532649307767
xiaomi,Xiaomi Poco M5s,176.33,128,6,167.09716176434844
xiaomi,Xiaomi Poco M5s,107.0,256,8,177.2375257363188
xiaomi,Xiaomi Poco M4 5G,205.0,128,6,175.78591136869696
xiaomi,Xiaomi Redmi Note 12 4G,119.21,128,4,118.63477520884588
xiaomi,Xiaomi Redmi Note 12 4G,195.0,128,6,172.75530460052516
xiaomi,Xiaomi Redmi Note 12 4G,154.0,128,8,191.48137754672618
xiaomi,Xiaomi Redmi A2+,89.91,32,3,94.17931703024989
xiaomi,Xiaomi Redmi A2+,69.63,64,3,88.03324650439751
xiaomi,Xiaomi Redmi A2,92.98,32,3,95.10971330807863
xiaomi,Xiaomi Poco X5 Pro,249.29,256,8,220.3600294406351
xiaomi,Xiaomi Redmi Note 12S,127.0,128,6,152.14717857695703
xiaomi,Xiaomi Redmi 10A,93.52,32,3,95.2733660735599
xiaomi,Xiaomi Redmi 10A,75.0,64,3,89.66068233890576
xiaomi,Xiaomi Redmi Note 11 Pro+ 5G,144.6,128,8,188.6326071846447
xiaomi,Xiaomi 12,295.0,256,8,234.21293297794833
xiaomi,Xiaomi Poco F4,249.29,128,8,220.3600294406351
xiaomi,Xiaomi Poco C40,108.37,32,4,115.34959747214768
xiaomi,Xiaomi Poco C40,111.25,64,4,116.22241222138115
xiaomi,Xiaomi 14,153.49,256,12,253.6299379929601
xiaomi,Xiaomi Redmi A3,161.07,128,4,131.32089514041297
xiaomi,Xiaomi Redmi 13,159.0,256,8,192.99668093081206
xiaomi,Xiaomi Poco M6 4G,154.69,256,8,191.69048941373003
xiaomi,Xiaomi Mix Flip,1999.0,512,12,812.931447665831
xiaomi,Xiaomi Redmi Note 13 Pro 4G,262.05,256,8,224.22708367682233
xiaomi,Xiaomi Redmi Note 13 Pro 4G,200.0,512,12,267.72529007172704
xiaomi,Xiaomi Poco F5 Pro,436.99,256,12,339.5476398706302
xiaomi,Xiaomi Redmi 12,119.0,128,8,180.87425385812494
xiaomi,Xiaomi 13 Ultra,1305.0,512,12,602.6073379547092
xiaomi,Xiaomi Redmi Note 12 Pro 4G,189.0,128,8,202.0885012353274
xiaomi,Xiaomi 13T Pro,899.0,512,12,479.5647031669348
xiaomi,Xiaomi Redmi Note 13 Pro,219.72,256,8,211.39852522715114
xiaomi,Xiaomi Redmi Note 13 Pro,218.27,256,12,273.2622086371769
xiaomi,Xiaomi Redmi Note 13 Pro+,289.12,256,12,294.73405758967397
xiaomi,Xiaomi Redmi Note 13 4G,169.0,128,8,196.02728769898386
xiaomi,Xiaomi Poco X6,235.37,256,12,278.4445462107507
xiaomi,Xiaomi Poco X6,228.0,512,12,276.21098902260803
xiaomi,Xiaomi Redmi Note 13,755.0,256,8,373.6208443138504
xiaomi,Xiaomi Redmi Note 13,111.0,256,12,240.75288983499817
xiaomi,Xiaomi Poco X6 Pro,369.0,256,12,318.94254445383024
xiaomi,Xiaomi Poco X6 Pro,342.77,512,12,310.9932629009156
xiaomi,Xiaomi Poco M6 Pro,174.49,512,12,259.99421220612084
xiaomi,Xiaomi Redmi 13C,82.24,128,6,138.58218268262013
xiaomi,Xiaomi Poco C65,105.0,256,8,176.63140438268445
xiaomi,Xiaomi Redmi 10 2022,158.09,128,4,130.41777432349778
xiaomi,Xiaomi Redmi Note 9,125.99,64,4,120.68952659766634
xiaomi,Xiaomi Redmi Note 9,85.5,128,4,108.4185997933388
xiaomi,Xiaomi Redmi 9C,64.8,32,3,86.56946343537054
xiaomi,Xiaomi Redmi 9A,86.25,32,3,93.07011495309901
xiaomi,Xiaomi Redmi 9A,52.63,64,4,98.45699534635814
xiaomi,Xiaomi Redmi 9A,71.1,128,4,104.05452604717142
xiaomi,Xiaomi Redmi 9,66.11,64,4,102.5422532698537
xiaomi,Xiaomi Redmi 9,125.56,128,4,120.55921050663497
xiaomi,Xiaomi Redmi Note 10 Pro,139.5,128,6,155.93543703717177
xiaomi,Xiaomi Redmi Note 10S,156.0,128,4,129.7843775089499
xiaomi,Xiaomi Redmi Note 10S,145.35,128,6,157.70834199655226
xiaomi,Xiaomi Redmi Note 11 Pro,161.0,128,6,162.45124158874108
xiaomi,Xiaomi 11 Lite 5G NE,266.66,128,8,225.6241933969495
zte,ZTE nubia Red Magic 6,515.0,128,12,363.1894032691382
